time,All-items HICP,All-items HICP,All-items HICP,All-items HICP,All-items HICP,All-items HICP,All-items HICP,All-items HICP,All-items HICP,All-items HICP,All-items HICP,All-items HICP,All-items HICP,All-items HICP,All-items HICP,All-items HICP,All-items HICP,All-items HICP,All-items HICP,All-items HICP,All-items HICP,All-items HICP,All-items HICP,All-items HICP,All-items HICP,All-items HICP,All-items HICP,All-items HICP,All-items HICP,All-items HICP,All-items HICP,All-items HICP,All-items HICP,All-items HICP,All-items HICP,All-items HICP,All-items HICP
time,Belgium,Bulgaria,Czechia,Denmark,Germany,Estonia,Ireland,Greece,Spain,France,Croatia,Italy,Cyprus,Latvia,Lithuania,Luxembourg,Hungary,Malta,Netherlands,Austria,Poland,Portugal,Romania,Slovenia,Slovakia,Finland,Sweden,Iceland,Norway,Switzerland,United Kingdom,Montenegro,North Macedonia,Albania,Serbia,Turkey,United States
time,BEL_HIC_ESTAT_M,BGR_HIC_ESTAT_M,CZE_HIC_ESTAT_M,DNK_HIC_ESTAT_M,DEU_HIC_ESTAT_M,EST_HIC_ESTAT_M,IRL_HIC_ESTAT_M,GRC_HIC_ESTAT_M,ESP_HIC_ESTAT_M,FRA_HIC_ESTAT_M,HRV_HIC_ESTAT_M,ITA_HIC_ESTAT_M,CYP_HIC_ESTAT_M,LVA_HIC_ESTAT_M,LTU_HIC_ESTAT_M,LUX_HIC_ESTAT_M,HUN_HIC_ESTAT_M,MLT_HIC_ESTAT_M,NLD_HIC_ESTAT_M,AUT_HIC_ESTAT_M,POL_HIC_ESTAT_M,PRT_HIC_ESTAT_M,ROU_HIC_ESTAT_M,SVN_HIC_ESTAT_M,SVK_HIC_ESTAT_M,FIN_HIC_ESTAT_M,SWE_HIC_ESTAT_M,ISL_HIC_ESTAT_M,NOR_HIC_ESTAT_M,CHE_HIC_ESTAT_M,GBR_HIC_ESTAT_M,MNE_HIC_ESTAT_M,MKD_HIC_ESTAT_M,ALB_HIC_ESTAT_M,SRB_HIC_ESTAT_M,TUR_HIC_ESTAT_M,USA_HIC_ESTAT_M
2000-01,72.66,52.49,73,76.2,78.5,57.09,74.8,69.4,69.93,77.43,67.45,73.2,73.63,55.08,68.87,68.46,49.66,70.58,72.83,74.28,67.6,71.78,24.01,59.52,59.14,75.22,78.83,46.82,76,NA,71.9,NA,NA,NA,NA,11.45,NA
2000-02,74.14,53.07,73.1,76.6,78.6,57.11,75.4,69.1,70.06,77.53,67.78,73.5,72.53,55.35,68.89,69.18,50.23,70.58,73.24,74.85,68.2,71.58,24.53,60.07,61.17,75.8,79.2,46.64,76.4,NA,72.2,NA,NA,NA,NA,11.85,NA
2000-03,74.49,52.9,73.1,77.1,78.6,57.51,75.9,70.88,70.38,77.92,68.15,73.7,74.25,55.23,68.74,69.51,50.71,70.63,74.07,74.92,68.8,71.71,24.97,60.62,61.4,76.3,79.59,46.9,76.6,NA,72.3,NA,NA,NA,NA,12.22,NA
2000-04,74.63,52.36,73,77.3,78.6,57.58,76.4,71.3,70.64,77.92,68.53,73.7,74.98,55.43,68.73,69.97,51.12,72.74,74.34,74.78,69.1,72.52,26.17,60.98,61.36,76.44,79.49,47.33,76.8,NA,72.6,NA,NA,NA,NA,12.52,NA
2000-05,74.84,52.43,73.2,77.6,78.4,57.67,76.9,71.49,70.77,78.08,68.65,74,75.31,55.3,68.45,69.97,51.38,73.43,74.55,74.71,69.5,72.99,26.65,61.21,61.53,76.8,79.96,47.51,76.9,NA,72.8,NA,NA,NA,NA,12.79,NA
2000-06,75.12,52.56,73.7,77.8,78.9,57.84,77.4,71.06,70.97,78.29,69.37,74.2,74.91,55.35,68.87,70.96,51.63,73.26,74.55,75,70.1,73.39,27.4,61.62,61.49,77.09,79.93,47.68,77.4,NA,72.9,NA,NA,NA,NA,12.84,NA
2000-07,74.35,52.88,74.3,77.5,79.2,58.38,77.4,69.83,71.42,78.15,69.84,74.4,74.75,55.07,68.66,70.23,52.24,73.69,74.34,74.78,70.5,73.72,28.57,62.13,61.48,76.73,79.47,47.98,77.1,NA,72.5,NA,NA,NA,NA,13.1,NA
2000-08,75.47,54.45,74.4,77.3,79,58.46,77.8,69.96,71.68,78.32,69.8,74.4,74.47,54.77,68.27,70.69,52.46,73.53,74.62,74.85,70.3,73.79,29.1,62.31,61.53,76.8,79.52,47.68,76.8,NA,72.5,NA,NA,NA,NA,13.34,NA
2000-09,76.04,55.68,74.2,78,79.2,58.65,78,71.43,71.94,78.74,70.22,74.6,75.51,54.82,68.37,71.22,53.09,73.49,75.31,75.14,71,73.72,29.92,63.18,61.91,77.59,80.2,47.77,77.5,NA,73.1,NA,NA,NA,NA,13.73,NA
2000-10,75.9,56.35,74.4,78.2,79.1,59.2,78.4,72.22,72.07,78.67,70.45,74.8,75.99,55.06,68.52,71.48,53.44,73.3,75.58,75.35,71.6,73.92,30.74,63.55,62.15,77.66,80.39,48.24,77.6,NA,73.1,NA,NA,NA,NA,14.17,NA
2000-11,76.04,56.78,74.5,78.2,79.1,59.55,78.5,72.53,72.26,78.85,70.68,75,76.27,55.29,68.79,71.68,53.65,71.31,75.51,75.64,71.8,74.39,31.61,64.28,62.37,77.59,80.45,48.33,77.9,NA,73.2,NA,NA,NA,NA,14.69,NA
2000-12,75.83,57.03,74.6,78.1,80,59.65,78.5,72.9,72.46,78.82,70.94,75.1,76.3,55.46,68.98,71.81,53.81,71.52,75.17,75.93,72,74.66,32.39,64.33,62.51,77.45,80.31,48.29,77.8,NA,73.2,NA,NA,NA,NA,14.98,NA
2001-01,74.64,57.38,76,78,79.5,60.31,77.7,71.61,71.94,78.47,71.07,75,74.79,55.8,68.81,70.43,54.63,71.3,76.21,75.96,72.6,74.93,33.59,64.56,63.57,77.37,80.06,48.42,78.3,NA,72.6,NA,NA,NA,NA,15.37,NA
2001-02,75.98,57.57,76,78.4,80,60.52,78.4,71.46,71.94,78.69,71.47,74.6,74.59,55.73,68.92,71.24,55.4,71.37,76.89,76.21,72.6,75.05,34.34,65.36,65.05,77.84,80.35,48.47,79,NA,72.7,NA,NA,NA,NA,15.59,NA
2001-03,76.12,57.6,76.1,78.8,80,60.77,79,73.13,72.52,79.07,71.23,75.3,75.38,56.01,69.3,71.6,55.92,71.79,77.77,76.33,73,75.37,35.05,66.09,65.45,78.23,81.02,48.82,79.2,NA,73,NA,NA,NA,NA,16.69,NA
2001-04,76.8,57.5,76.4,79.3,80.3,61.19,79.6,73.94,73.17,79.48,72.38,75.9,76.23,56.23,69.43,71.89,56.36,74.36,78.37,76.71,73.6,75.84,35.97,66.53,65.73,78.62,81.8,49.4,79.6,NA,73.4,NA,NA,NA,NA,18.67,NA
2001-05,77.2,57.53,76.9,79.7,80.7,61.57,80.1,74.31,73.43,79.99,72.84,76.1,76.57,56.8,69.83,72.63,56.89,75.07,78.63,76.86,74.5,76.54,36.6,67.31,66.05,79.32,82.45,50.17,80,NA,74,NA,NA,NA,NA,19.69,NA
2001-06,77.34,57.48,77.6,79.6,80.8,61.7,80.7,74.24,73.63,80.05,72.73,76.3,77.23,57.11,70.22,72.88,57.04,75.21,78.34,76.96,74.4,76.74,37.18,67.64,66.13,79.38,82.28,51.09,80,NA,74.1,NA,NA,NA,NA,20.37,NA
2001-07,76.37,57.37,78.3,79.3,80.9,61.84,80.5,72.75,73.11,79.87,72.21,76.1,75.41,56.84,69.66,71.94,57.13,75.9,78.29,76.85,74,76.9,37.67,67.79,66.38,78.75,81.73,51.53,78.7,NA,73.6,NA,NA,NA,NA,20.83,NA
2001-08,77.38,57.55,78.2,79.2,80.7,61.86,80.7,72.76,73.17,79.87,72.76,75.9,75.81,56.47,70.09,72.47,57.01,75.91,78.51,76.66,73.6,76.75,38.51,67.81,66.26,78.9,81.94,51.55,78.5,NA,73.9,NA,NA,NA,NA,21.44,NA
2001-09,77.49,58.28,77.6,79.7,80.6,62,81,74.3,73.56,80.03,72.86,76.1,77.17,56.83,69.96,72.57,57.28,75.87,79.33,76.95,73.9,76.74,39.26,68.4,66.45,79.58,82.93,51.97,79,NA,74.1,NA,NA,NA,NA,22.8,NA
2001-10,77.4,59.28,77.6,79.7,80.4,62.04,81.4,74.53,73.89,80.08,72.6,76.5,78.06,56.9,70.17,72.65,57.45,75.37,79.36,77.1,74.2,77.01,40.21,68.68,66.45,79.51,82.78,52.27,79,NA,73.9,NA,NA,NA,NA,24.28,NA
2001-11,77.4,59.41,77.4,79.6,80.2,62.04,81.3,74.63,74.08,79.87,72.51,76.7,77.63,57,70.14,72.7,57.46,73.66,79.14,77.07,74.3,77.45,41.31,68.91,66.61,79.26,82.79,52.47,78.9,NA,73.8,NA,NA,NA,NA,25.37,NA
2001-12,77.29,59.78,77.5,79.7,81.1,62.16,81.9,75.47,74.28,79.98,72.64,76.8,77.91,57.22,70.38,72.47,57.48,74.07,79.04,77.27,74.5,77.58,42.2,68.87,66.7,79.27,82.87,52.7,79,NA,74,NA,NA,NA,NA,26.15,74.09
2002-01,76.61,61.39,78.6,79.8,81.1,62.89,81.8,75.03,74.15,80.37,73.44,76.7,76.44,57.73,71,71.96,58.25,74.3,79.91,77.4,75.2,77.67,43.18,69.97,67.68,79.63,82.35,53.2,79,NA,73.7,NA,NA,NA,NA,27.75,74.65
2002-02,77.86,62.39,78.6,80.3,81.4,63.23,82.3,74.16,74.21,80.45,73.44,76.5,76.32,57.55,70.87,72.8,58.81,73.71,80.32,77.53,75.3,77.56,43.68,70.56,67.89,79.79,82.58,53.05,79.3,NA,73.8,NA,NA,NA,NA,28.13,74.86
2002-03,78.04,62.87,78.6,80.8,81.5,63.44,83,76.31,74.86,80.8,73.57,77.2,76.9,57.81,70.45,72.85,59.25,73.99,81.17,77.63,75.5,77.9,43.84,71.09,67.91,80.26,83.36,53.27,79.6,NA,74.1,NA,NA,NA,NA,28.42,75.29
2002-04,78.09,62.8,78.6,81.2,81.5,63.96,83.7,76.96,75.9,81.13,73.87,77.8,78.01,57.86,70.4,73.28,59.76,76.34,81.68,77.98,75.8,78.56,44.73,72.15,68.16,80.58,83.65,53.24,79.5,NA,74.4,NA,NA,NA,NA,29.04,75.79
2002-05,78.2,61.5,78.5,81.3,81.6,64.12,84.1,77.13,76.16,81.24,74.19,78,78.3,57.97,70.18,73.55,60.05,76.89,81.6,78.12,75.6,79.17,45.56,72.44,68.23,80.75,83.81,53.23,79.7,NA,74.6,NA,NA,NA,NA,29.16,75.76
2002-06,77.99,60.46,78.3,81.3,81.5,64.07,84.3,76.92,76.16,81.2,74.19,78.1,78.84,57.66,69.95,73.77,59.76,76.84,81.31,78.11,75.3,79.43,46.11,72.32,67.97,80.6,83.65,53.51,79.7,NA,74.6,NA,NA,NA,NA,29.29,75.79
2002-07,77.25,60.53,78.5,81,81.8,63.86,83.8,75.4,75.64,81.13,74.16,78,78.28,57.43,69.76,73.32,59.69,77.6,81.22,77.98,74.9,79.62,46.34,72.88,67.82,80.33,83.14,53.59,79.6,NA,74.4,NA,NA,NA,NA,29.7,75.81
2002-08,78.33,60.13,78.4,81.1,81.6,63.54,84.3,75.55,75.9,81.31,74.1,77.8,78.93,57,69.37,73.93,59.5,77.66,81.38,78.19,74.6,79.73,46.72,73.01,68.25,80.31,83.23,53.34,79.3,NA,74.6,NA,NA,NA,NA,30.36,76.03
2002-09,78.41,60.6,77.9,81.6,81.5,63.65,84.6,77.12,76.16,81.47,74.49,78.3,79.81,57.43,69.01,74.19,59.91,77.54,82.17,78.19,74.9,79.7,47,73.34,68.53,80.65,83.89,53.62,79.9,NA,74.8,NA,NA,NA,NA,31.42,76.25
2002-10,78.34,61.2,77.7,81.8,81.4,63.97,85,77.53,76.87,81.61,74.57,78.7,80.16,57.84,69.46,74.5,60.24,77.34,82.09,78.36,75.1,80.17,47.77,73.52,68.62,80.86,84.19,53.83,80,NA,74.9,NA,NA,NA,NA,32.5,76.38
2002-11,78.23,61.3,77.6,81.8,81.1,63.91,85,77.54,77,81.56,74.55,78.9,80.01,57.94,69.52,74.61,60.21,75.34,81.72,78.36,75.1,80.62,48.99,73.41,68.62,80.63,83.96,53.7,80.3,NA,74.9,NA,NA,NA,NA,33.53,76.39
2002-12,78.32,62.06,77.6,81.8,82,63.84,85.6,78.11,77.26,81.7,74.71,79.1,80.31,58.05,69.75,74.49,60.27,75.59,81.58,78.57,75.1,80.7,49.72,73.79,68.85,80.63,84.25,53.71,81,NA,75.2,NA,NA,NA,NA,34.06,76.18
2003-01,77.51,62.46,78,81.9,82,64.47,85.7,77.51,76.94,81.87,75.11,78.9,79.85,58.58,69.7,74.29,61.05,74.91,82.07,78.71,75.4,80.75,50.36,74.64,72.5,80.76,84.51,53.8,82.3,NA,74.7,NA,NA,NA,NA,34.95,76.45
2003-02,79.16,62.54,78.2,82.5,82.4,64.66,86.5,77.32,77.07,82.51,75.27,78.5,79.98,58.77,69.53,75.13,61.55,75.21,82.65,78.85,75.5,80.75,50.77,75.06,72.91,81.44,85.34,53.64,82.5,NA,75,NA,NA,NA,NA,35.79,77.17
2003-03,79.38,62.78,78.1,83.2,82.5,64.8,87.1,79.29,77.65,82.85,75.62,79.5,81.79,59.09,69.71,75.53,62.07,75.77,83.4,79.06,75.8,80.8,51.32,75.56,73.36,81.72,85.83,54.25,82.1,NA,75.3,NA,NA,NA,NA,36.94,77.73
2003-04,79.24,62.96,78.3,83.1,82.3,64.7,87.5,79.47,78.3,82.72,75.35,80.1,82.4,59.28,69.76,75.41,62.08,77.85,83.48,78.98,75.9,81.48,51.87,75.99,73.4,81.7,85.57,54.22,81.5,NA,75.5,NA,NA,NA,NA,37.76,77.5
2003-05,78.93,62.57,78.3,83,82.1,64.56,87.4,79.82,78.24,82.67,75.81,80.2,82.18,59.4,69.66,75.27,62.14,78.35,83.43,78.88,75.9,82.05,52.12,76.44,73.44,81.6,85.44,54.17,81.1,NA,75.5,NA,NA,NA,NA,38.38,77.28
2003-06,79.18,61.22,78.3,82.9,82.3,64.36,87.4,79.73,78.3,82.83,75.89,80.3,81.76,59.8,69.72,75.26,62.38,78.47,83.04,78.89,75.8,82.08,52.56,76.78,73.62,81.51,85.32,54.2,80.9,NA,75.4,NA,NA,NA,NA,38.25,77.39
2003-07,78.32,61.76,78.3,82.4,82.5,64.42,87.1,78.03,77.85,82.73,76.37,80.2,80.33,59.6,69.19,74.72,62.52,78.92,82.95,78.79,75.4,81.96,53.19,77.29,73.59,81.12,85.13,54.08,80.6,NA,75.3,NA,NA,NA,NA,37.99,77.39
2003-08,79.64,62.22,78.2,82.4,82.5,64.45,87.7,78.03,78.24,82.94,76.43,80,80.8,58.96,68.7,75.64,62.33,79.03,83.16,79.01,75.1,82.05,53.33,77.1,74.4,81.27,85.11,53.88,80.7,NA,75.6,NA,NA,NA,NA,37.96,77.72
2003-09,79.75,62.81,77.9,83,82.4,64.62,87.8,79.65,78.43,83.3,76.08,80.6,82.43,59.23,68.46,76.13,62.67,78.86,83.85,79.22,75.5,82.21,54.48,77.01,74.88,81.66,85.8,54.24,81.1,NA,75.9,NA,NA,NA,NA,38.56,78.09
2003-10,79.51,63.25,78,82.8,82.4,64.75,87.8,79.95,78.95,83.48,76.11,80.9,83.13,59.73,68.56,75.79,63.16,79.29,83.67,79.2,75.9,82.43,55.31,77.12,75.02,81.58,85.84,54.44,81.1,NA,76,NA,NA,NA,NA,39.05,77.91
2003-11,79.64,64.41,78.2,82.9,82.2,64.69,87.8,80.09,79.21,83.56,76.25,81.1,83,60.05,68.85,76.13,63.56,76.67,83.39,79.4,76.2,82.51,56.1,77.26,75.15,81.52,85.64,54.54,81.1,NA,75.9,NA,NA,NA,NA,39.71,77.67
2003-12,79.6,65.56,78.4,82.8,82.9,64.6,88.2,80.53,79.34,83.66,76.32,81.1,82.13,60.13,68.84,76.28,63.65,77.44,82.87,79.62,76.4,82.54,56.76,77.28,75.29,81.59,85.77,54.65,81.1,NA,76.2,NA,NA,NA,NA,39.98,77.56
2004-01,78.59,66.46,79.6,82.7,82.9,64.91,87.6,79.86,78.69,83.68,76.84,80.6,81.14,60.89,68.84,76.02,65.11,77.02,83.29,79.67,76.8,82.54,57.39,77.64,78.52,81.36,85.56,54.61,81.1,NA,75.8,NA,NA,NA,NA,40.29,77.96
2004-02,80.05,66.69,79.7,83.1,83.1,65.03,88.4,79.36,78.76,84.06,76.81,80.4,81.12,61.3,68.71,76.98,65.87,77.04,83.77,80.02,76.9,82.45,57.75,77.76,79.04,81.77,85.43,54.41,81.3,NA,76,NA,NA,NA,NA,40.5,78.44
2004-03,80.11,66.64,79.8,83.5,83.4,65.25,88.7,81.62,79.34,84.44,77.11,81.3,81.82,61.91,69.07,77.05,66.22,77.4,84.45,80.34,77.1,82.64,58.04,78.23,79.22,81.39,86.2,54.81,81.7,NA,76.1,NA,NA,NA,NA,40.88,78.89
2004-04,80.57,66.83,79.9,83.6,83.7,65.68,89,81.91,80.45,84.67,77.37,82,82.47,62.28,69.33,77.43,66.39,80.64,84.74,80.24,77.7,83.42,58.37,78.71,79.22,81.39,86.42,55.06,81.9,NA,76.4,NA,NA,NA,NA,41.09,79.15
2004-05,80.82,66.85,80.3,83.9,83.9,66.96,89.2,82.26,80.9,85.01,78.04,82.1,83.2,63.07,70.38,77.87,66.99,80.74,84.88,80.53,78.5,84.11,58.54,79.43,79.49,81.5,86.73,55.44,81.9,NA,76.6,NA,NA,NA,NA,41.27,79.71
2004-06,80.75,65.67,80.5,83.7,83.9,67.18,89.6,82.09,81.03,85.04,78.01,82.2,83.73,63.45,70.43,78.21,67.02,81.04,84.27,80.68,79.1,85.06,58.89,79.77,79.64,81.44,86.29,55.74,81.9,NA,76.6,NA,NA,NA,NA,41.21,79.99
2004-07,79.92,66.46,80.7,83.4,84.1,67,89.3,80.49,80.45,84.87,77.83,82,82.67,63.56,70.43,77.55,67.02,81.38,83.97,80.44,79,84.38,59.64,80.19,79.78,81.27,86.16,55.56,81.9,NA,76.4,NA,NA,NA,NA,41.41,79.75
2004-08,81.27,66.17,80.7,83.1,84.3,66.96,89.9,80.25,80.84,85.08,77.81,81.9,83.07,63.52,70.18,78.38,66.81,81.02,84.12,80.75,78.8,84.04,59.96,79.96,79.69,81.47,86.05,55.49,81.6,NA,76.6,NA,NA,NA,NA,41.73,79.75
2004-09,81.19,66.79,80.1,83.7,84,67.08,89.9,81.99,80.97,85.16,77.31,82.3,83.91,63.78,70.58,78.5,66.86,81.39,84.83,80.68,79,83.97,60.53,79.65,79.81,81.81,86.75,55.73,82,NA,76.7,NA,NA,NA,NA,42.12,79.99
2004-10,81.58,66.9,80.5,84.1,84.2,67.31,90,82.59,81.81,85.39,77.54,82.6,84.8,64.05,70.68,78.87,67.18,81.4,84.93,81.06,79.5,84.35,61.27,79.76,79.94,82.1,87.09,56.03,82.2,NA,76.9,NA,NA,NA,NA,43.07,80.53
2004-11,81.45,67.32,80.4,83.8,83.8,67.57,90.2,82.62,82,85.43,77.65,82.7,85.15,64.36,70.84,79.15,67.23,78.17,84.62,81.22,79.7,84.63,61.67,80.17,79.82,81.7,86.55,56.06,82.2,NA,77,NA,NA,NA,NA,43.63,80.68
2004-12,81.2,68.16,80.3,83.6,84.8,67.7,90.3,83.05,81.94,85.54,77.81,83,85.29,64.54,70.8,78.94,67.18,78.9,83.92,81.62,79.7,84.66,62.02,79.83,79.72,81.71,86.55,56.24,82.1,96.9,77.4,NA,80.24,NA,NA,43.89,80.3
2005-01,80.14,68.6,80.8,83.4,84.3,67.61,89.4,83.25,81.16,85.06,77.91,82.2,83.38,64.98,70.8,78.15,67.71,78.47,84.34,81.6,79.7,84.23,62.52,79.41,81.05,81.26,86.02,56.02,81.9,96.5,77,NA,80.18,NA,NA,44,80.36
2005-02,81.86,69.2,80.8,84,84.6,68,90.2,81.85,81.35,85.63,78.57,82.1,83.06,65.57,70.92,79.51,68.07,78.98,84.99,81.87,79.7,84.19,62.91,79.93,81.16,81.78,86.46,55.93,82,96.8,77.2,NA,80.61,NA,NA,44.09,80.79
2005-03,82.39,69.54,80.8,84.6,84.9,68.41,90.4,83.94,82.07,86.22,79.13,83.1,83.78,65.95,71.32,79.72,68.4,79.37,85.73,82.26,79.7,84.47,63.1,80.77,81.13,82.11,86.68,56.14,82.4,97,77.5,NA,80.5,NA,NA,44.25,81.4
2005-04,82.55,70.35,81,85,84.9,68.71,90.9,84.6,83.24,86.37,79.67,83.7,84.74,66.68,71.57,80.37,68.9,82.2,85.83,82.08,80.1,85.1,64.23,80.81,81.31,82.33,86.83,55.9,82.8,97.8,77.8,NA,80.45,NA,NA,44.43,82.15
2005-05,82.65,70.23,81,85,85.2,68.89,91.1,84.89,83.37,86.43,79.79,84,84.89,67.17,71.73,80.74,69.31,82.72,85.76,82.09,80.3,85.58,64.43,81.1,81.41,82.03,86.93,55.74,83.1,97.7,78.1,NA,80.67,NA,NA,44.97,82.11
2005-06,82.93,69.94,81.5,85.1,85.3,69.34,91.4,84.72,83.63,86.54,80.09,84,84.98,67.58,71.84,80.7,69.5,82.72,85.48,82.3,80.2,85.63,64.62,81.14,81.73,82.26,86.98,55.93,83.3,97.5,78.1,NA,80.86,NA,NA,44.91,82.09
2005-07,82.1,70.47,81.8,85,85.7,69.58,91.3,83.6,83.11,86.39,80.23,83.8,83.74,67.57,71.74,80.62,69.46,82.8,85.2,82.13,80.2,85.99,65.25,81.75,81.47,82,86.78,55.86,83,97,78.2,NA,80.17,NA,NA,44.6,82.44
2005-08,83.59,70.95,81.8,85,85.9,69.77,91.8,83.13,83.5,86.75,80.24,83.7,84.29,67.5,71.8,81.72,69.13,83.03,85.52,82.26,80.2,86.13,65.32,81.36,81.39,82.25,86.96,55.73,83.1,97.1,78.4,NA,79.66,NA,NA,44.94,83.01
2005-09,83.56,71.79,81.7,85.8,86.2,70.39,92.4,85.12,84.02,87.13,80.21,84.1,85.7,68.5,72.37,82.16,69.25,83.07,86.23,82.73,80.5,86.26,65.7,82.15,81.62,82.76,87.68,56.63,83.8,97.5,78.6,NA,80.1,NA,NA,45.48,84.52
2005-10,83.44,72.35,82.4,85.7,86.2,70.34,92.4,85.66,84.67,87.12,80.57,84.7,86.69,69,72.84,82.82,69.27,83.8,86.22,82.77,80.7,86.55,66.27,82.26,82.72,82.72,87.87,56.88,83.8,98.3,78.7,NA,80.67,NA,NA,46.29,84.61
2005-11,83.4,72.68,82.1,85.4,85.7,70.29,92.2,85.47,84.8,86.93,80.67,84.7,86.85,69.21,72.87,81.97,69.4,81.53,85.99,82.63,80.6,86.74,67.07,81.81,82.73,82.45,87.59,56.67,83.8,98,78.7,NA,80.48,NA,NA,46.85,83.75
2005-12,83.44,73.2,81.9,85.5,86.6,70.18,92,85.96,84.99,87.04,80.91,84.7,86.5,69.14,72.92,81.67,69.37,81.56,85.6,82.87,80.3,86.81,67.43,81.73,82.77,82.54,87.63,56.83,83.7,97.9,78.9,NA,80.96,NA,52.5,47,83.25
2006-01,82.33,73.81,82.8,85.1,86.1,70.73,91.5,85.76,84.6,86.97,81.23,84,85.07,69.88,73.29,81.35,69.36,80.32,85.81,82.84,80.4,86.51,68.12,81.44,84.35,82.21,87.04,56.76,83.4,97.9,78.5,NA,82.76,NA,52.9,47.35,83.95
2006-02,84.22,75.7,82.8,85.8,86.4,71.1,92.6,84.41,84.66,87.31,81.79,83.9,84.99,70.16,73.33,82.57,69.62,80.82,86.24,83.12,80.4,86.68,68.29,81.75,84.62,82.84,87.36,56.63,84.2,98.1,78.8,NA,83.01,NA,53.5,47.45,84.02
2006-03,84.16,75.87,82.7,86.1,86.5,71.17,92.9,86.73,85.26,87.69,82.04,84.9,85.99,70.3,73.48,82.71,70.02,81.69,86.93,83.34,80.5,87.72,68.43,82.35,84.63,83.09,87.93,57.27,84.4,98,78.9,NA,83.08,NA,53.9,47.58,84.45
2006-04,84.63,76.35,82.9,86.6,86.8,71.67,93.4,87.59,86.49,88.08,82.57,85.7,86.87,70.75,73.99,83.11,70.55,85.08,87.34,83.82,81.1,88.22,68.72,83.08,84.89,83.53,88.41,57.72,85.2,98.8,79.4,NA,83.31,NA,54.9,48.22,85.27
2006-05,84.93,76.52,83.3,86.7,87,72.06,93.9,87.69,86.8,88.46,83.07,85.9,87.04,71.92,74.31,83.62,71.31,85.63,87.3,83.83,81.5,88.7,69.13,83.83,85.31,83.46,88.59,58.39,85.2,98.9,79.9,NA,84.42,NA,56,49.13,85.76
2006-06,85,75.78,83.4,86.9,87.1,72.4,94,87.64,86.94,88.46,83.37,86,87.22,71.83,74.5,83.84,71.5,85.42,87.01,83.84,81.3,88.66,69.25,83.58,85.43,83.47,88.59,59.15,85.1,98.9,80.1,NA,83.82,NA,56,49.29,85.87
2006-07,84.09,75.95,83.7,86.7,87.5,72.72,94,86.9,86.45,88.29,82.74,85.8,86.09,72.27,74.88,83.33,71.63,85.74,86.71,83.71,81.3,88.53,69.33,83.34,85.53,83.09,88.29,59.4,84.9,98.3,80,NA,83.58,NA,55.4,49.71,86.04
2006-08,85.54,75.92,83.9,86.7,87.4,73.24,94.6,86,86.65,88.58,82.77,85.6,86.61,72.09,74.83,84.26,72.37,85.49,87.12,83.97,81.6,88.46,69.28,83.92,85.44,83.33,88.32,59.66,84.8,98.4,80.4,NA,83.22,NA,55.5,49.49,86.23
2006-09,85.13,75.63,83.5,87,87,73.07,94.4,87.76,86.48,88.4,82.38,86.2,87.65,72.57,74.73,83.8,73.35,85.66,87.54,83.85,81.6,88.82,69.32,84.19,85.27,83.41,88.75,60.09,86.2,98.2,80.5,NA,82.93,NA,55.5,50.13,85.68
2006-10,84.88,76.14,83.1,86.9,87.1,72.99,94.4,88.34,86.84,88.19,82.31,86.3,88.12,72.86,75.48,83.34,73.68,85.2,87.39,83.8,81.6,88.84,69.46,83.57,85.29,83.54,88.92,60.2,86.2,98.5,80.6,NA,83.06,NA,55.5,50.76,84.95
2006-11,85.06,76.95,82.9,86.9,87,73.55,94.4,88.2,87.05,88.3,82.6,86.4,88.03,73.57,76.07,83.43,73.84,82.26,87.37,83.91,81.6,88.84,70.22,83.83,85.74,83.54,88.93,60.16,86,98.4,80.8,NA,83.79,NA,55.9,51.42,84.77
2006-12,85.17,77.66,83.1,86.9,87.8,73.76,94.8,88.71,87.3,88.51,82.62,86.5,87.8,73.8,76.24,83.5,73.93,82.19,87.07,84.22,81.4,89,70.74,84.17,85.8,83.56,88.91,60.17,85.5,98.4,81.3,NA,83.71,NA,55.9,51.54,84.92
2007-01,83.73,78.79,83.9,86.6,87.6,74.27,94.2,88.36,86.67,88.17,82.81,85.6,86.3,74.83,76.25,83.22,75.21,81.27,86.86,84.28,81.7,88.74,70.89,83.76,86.23,83.29,88.46,60.33,84.5,97.9,80.6,NA,83.71,NA,56.1,52.05,85.09
2007-02,85.71,79.2,84.1,87.4,88,74.38,95.1,86.97,86.73,88.36,83.03,85.7,86.04,75.24,76.54,84.09,75.87,81.46,87.42,84.54,82,88.71,70.93,83.67,86.31,83.81,88.87,60.4,84.9,98.1,81,NA,83.65,NA,56,52.27,85.53
2007-03,85.71,79.23,84.4,87.8,88.2,75.17,95.7,89.13,87.4,88.77,83.65,86.6,87.19,76.26,76.97,84.66,76.32,82.09,88.55,84.94,82.4,89.82,70.98,84.57,86.36,84.42,89.37,59.99,85.5,98.3,81.4,NA,83.96,NA,56.3,52.75,86.46
2007-04,86.14,79.7,85,88,88.6,75.71,96.1,89.83,88.64,89.25,84.25,87.2,88.29,76.98,77.64,85.15,76.67,84.17,89.04,85.3,82.8,90.65,71.35,85.51,86.6,84.81,89.79,60.15,85.6,99.3,81.6,NA,84.35,NA,56.6,53.39,87.13
2007-05,86.04,79.96,85.3,88.2,88.7,76.32,96.4,89.99,88.89,89.48,84.7,87.5,88.73,77.55,78.01,85.52,77.3,84.76,89.07,85.45,83.3,90.81,71.81,86.49,86.62,84.55,89.67,60.73,85.7,99.5,81.8,NA,85.03,NA,57.4,53.66,87.83
2007-06,86.1,79.79,85.6,88,88.8,76.74,96.6,89.95,89.06,89.61,84.51,87.7,88.7,78.21,78.21,85.73,77.58,84.93,88.61,85.45,83.4,90.78,71.92,86.79,86.68,84.67,89.78,60.95,85.6,99.6,82,NA,85,NA,57.6,53.53,87.92
2007-07,85.19,81.15,85.9,87.6,89.3,77.47,96.5,89.27,88.44,89.32,84.16,87.2,88.1,79.14,78.71,85.04,77.58,85.54,87.94,85.39,83.3,90.56,72.14,86.7,86.58,84.44,89.5,60.93,85.4,99,81.5,NA,84.88,NA,57.6,53.14,87.77
2007-08,86.52,82.96,86.1,87.4,89.1,77.74,96.9,88.36,88.59,89.7,84.61,87,88.56,79.46,78.98,85.83,77.54,86,88.05,85.42,83.2,90.18,72.76,86.83,86.5,84.45,89.39,60.72,85.4,98.9,81.8,NA,85.11,NA,58.9,53.15,87.53
2007-09,86.36,83.96,85.9,88,89.3,78.56,97.1,90.35,88.85,89.83,85.19,87.7,89.7,80.92,80.07,85.89,78.07,86.43,88.66,85.63,83.8,90.57,73.55,87.22,86.75,84.83,90.14,61.38,86,99,81.9,NA,85.62,NA,59.8,53.7,87.88
2007-10,86.76,84.24,86.4,88.4,89.4,79.37,97.2,90.98,90,90.08,85.5,88.3,90.49,82.51,81.24,86.35,78.73,86.52,88.79,86.2,84.2,91.04,74.27,87.85,87.35,85.07,90.59,61.6,86,99.8,82.3,NA,85.9,NA,60.2,54.67,88.09
2007-11,87.5,85.74,87.2,89.1,89.9,80.37,97.7,91.67,90.65,90.62,86.3,88.6,90.84,83.65,82.1,86.77,79.14,84.64,88.93,86.61,84.7,91.33,74.96,88.66,87.7,85.37,91.09,61.82,86.9,100.2,82.5,NA,87.01,NA,60.9,55.74,88.82
2007-12,87.82,86.64,87.6,89,90.5,80.94,97.8,92.13,91.04,90.99,87.09,88.9,91.08,84.15,82.49,87.09,79.4,84.7,88.45,87.14,84.9,91.44,75.45,89,87.94,85.18,91.16,62.25,87.3,100.4,83,NA,88.13,NA,61.7,55.86,88.72
2008-01,86.68,87.98,90.5,89.3,90.2,82.63,97.1,91.82,90.46,90.98,87.58,88.3,89.81,86.52,83.87,86.71,80.74,84.37,88.42,86.89,85.3,91.31,76.09,89.09,88.97,86.16,91.15,62.21,86.9,100.4,82.4,NA,89.89,NA,62.4,56.31,89.14
2008-02,88.82,88.9,90.6,90.2,90.6,82.95,98.3,90.93,90.59,91.18,87.54,88.3,90.12,87.67,84.87,87.58,80.94,84.67,89.17,87.16,85.7,91.32,76.63,88.98,89.23,86.57,91.49,63.12,87.5,100.4,83,NA,90.7,NA,62.8,57.03,89.38
2008-03,89.47,89.71,90.4,90.7,91.1,83.62,99.3,93.03,91.41,91.91,88.14,89.7,91.06,88.94,85.77,88.37,81.42,85.63,90.23,87.95,86,92.65,77.15,90.16,89.49,87.44,92.3,64.1,87.9,100.7,83.4,NA,91.41,NA,63.8,57.58,90.28
2008-04,89.65,90.37,90.8,91,90.9,84.48,99.4,93.8,92.4,92.26,88.81,90.2,92.13,90.36,86.86,88.78,81.89,87.6,90.55,88.18,86.3,92.94,77.56,90.82,89.76,87.58,92.64,66.6,87.9,101.5,84,NA,91.94,NA,64.9,58.55,91.01
2008-05,90.43,91.14,91.1,91.4,91.5,84.99,100,94.44,93.04,92.79,89.88,90.8,92.85,91.28,87.58,89.66,82.64,88.22,90.92,88.66,86.9,93.39,77.94,91.88,90.1,88.05,93.02,67.85,88.1,102.1,84.6,NA,92.22,NA,65.5,59.43,92.04
2008-06,91.06,91.55,91.3,91.7,91.8,85.54,100.4,94.39,93.58,93.18,90.68,91.2,93.32,91.91,88.12,90.31,82.74,88.67,90.66,88.9,87.1,93.86,78.16,92.71,90.42,88.34,93.37,68.59,88.2,102.4,85.2,NA,92.67,NA,65.7,59.21,93.16
2008-07,90.21,92.86,91.7,91.4,92.3,86.16,99.9,93.68,93.15,92.93,90.9,90.7,92.81,92.23,88.49,89.97,82.99,90.33,90.55,88.64,87.1,93.39,78.71,92.7,90.41,88.1,92.92,69.23,88.8,102.2,85.1,NA,91.91,NA,65.1,59.55,93.7
2008-08,91.16,92.76,91.5,91.6,92,86.38,100,92.63,92.97,92.87,90.61,90.7,93.05,91.83,88.63,89.97,82.49,90.62,90.67,88.48,86.9,92.97,78.64,92.06,90.35,88.34,93.02,70,88.8,102,85.7,NA,91.55,NA,65.3,59.41,93.22
2008-09,91.07,93.57,91.3,92,92,87.04,100.2,94.61,92.92,92.84,90.51,91.1,94.17,92.85,89.08,90.05,82.45,90.66,91.13,88.82,87.2,93.44,78.96,92.06,90.7,88.83,93.91,70.83,90.1,101.8,86.1,NA,91.35,NA,66,59.67,93.08
2008-10,90.92,93.67,91.4,91.8,91.7,87.36,99.9,94.64,93.24,92.79,90.38,91.5,94.87,93.81,89.9,89.68,82.75,91.49,90.98,88.79,87.5,93.28,79.8,92.05,91.01,88.81,93.72,72.63,90.4,102.4,85.9,NA,91.93,NA,67.1,61.23,91.82
2008-11,90.32,93.26,90.8,91.6,91.2,87.17,99.8,94.43,92.83,92.32,90.16,91.1,93.69,93.34,89.63,88.51,82.37,88.76,90.61,88.56,87.7,92.63,80.07,91.24,91.12,88.35,93.26,74.05,89.7,101.4,85.8,NA,92.01,NA,67.2,61.74,89.49
2008-12,90.19,92.87,90.5,91.2,91.5,87.04,99.1,94.15,92.36,92.07,89.56,91,92.74,92.9,89.47,87.71,82.07,88.92,89.91,88.42,87.7,92.21,80.26,90.57,91.06,88.06,93.1,75.34,89.5,100.8,85.5,NA,92.46,NA,66.7,61.48,88.29
2009-01,88.5,93.28,91.8,90.8,91.1,86.51,98.3,93.64,91.19,91.67,90.4,89.5,90.64,94.9,91.81,86.71,82.66,86.96,89.95,87.9,88,91.41,81.26,90.3,91.38,88.3,93.02,75.81,89.1,100.3,84.9,NA,92.19,NA,68.4,61.66,88.67
2009-02,90.54,93.65,91.8,91.7,91.6,86.15,98.4,92.59,91.21,92.06,90.9,89.7,90.62,95.92,92.09,88.24,83.32,87.67,90.83,88.33,88.8,91.38,81.93,90.85,91.36,88.9,93.53,76.74,90,100.2,85.6,NA,92.05,NA,69.3,61.45,89.2
2009-03,90.04,93.33,92,92.1,91.4,85.75,98.5,94.45,91.36,92.24,91.16,90.7,91.85,95.99,92.09,88.13,83.73,89.01,91.89,88.49,89.5,92.1,82.34,91.58,91.11,89.23,94.04,76.86,90.1,100,85.8,NA,92.39,NA,69.6,62.12,89.4
2009-04,90.31,93.83,91.9,92,91.5,85.24,98.6,94.87,92.26,92.39,91.92,91.3,92.68,95.65,92.01,88.55,84.47,91.06,92.21,88.65,90.1,92.43,82.56,91.79,91.01,89.42,94.31,77.44,90.5,100.9,86,NA,92.27,NA,70.3,62.14,89.66
2009-05,90.21,93.83,92,92.3,91.4,85.26,98.3,95.11,92.22,92.52,92.1,91.5,93.35,95.27,91.85,88.82,85.77,91.26,92.31,88.71,90.6,92.22,82.57,92.37,91.07,89.37,94.63,78.54,90.7,100.9,86.4,NA,93.31,NA,71.1,62.53,90.02
2009-06,90.1,93.94,92,92.5,91.8,85.1,98.3,95.04,92.68,92.65,92.43,91.7,93.43,94.77,91.54,89.42,85.81,91.19,91.9,88.62,90.8,92.38,82.73,92.86,91.08,89.74,94.82,80.06,91.3,101.1,86.7,NA,91.79,NA,71.4,62.61,91.01
2009-07,88.65,93.81,91.6,92,91.7,85.82,97.4,94.34,91.92,92.19,92.02,90.6,92.08,94.17,90.82,88.63,87.04,91.06,90.43,88.26,91,92.03,82.68,92.1,90.97,89.12,94.6,80.65,90.7,100.8,86.7,NA,91.31,NA,70.9,62.76,90.81
2009-08,90.51,93.93,91.5,92.3,92,85.74,97.6,93.54,92.29,92.7,91.98,90.8,92.25,93.23,90.62,89.8,86.58,91.56,90.61,88.62,90.7,91.84,82.52,92.16,90.78,89.5,94.77,81.2,90.5,100.9,87,NA,90.8,NA,70.8,62.58,91.09
2009-09,90.14,93.76,91,92.4,91.6,85.59,97.3,95.31,92.06,92.49,91.32,91.4,93,92.96,91.14,89.66,86.36,91.4,91.11,88.8,90.7,91.77,82.84,92.07,90.74,89.79,95.19,81.64,91.4,100.7,87.1,NA,90.73,NA,71,62.83,91.26
2009-10,90.12,93.92,90.9,92.5,91.6,85.52,97,95.81,92.71,92.59,91.44,91.8,93.88,92.72,90.76,89.51,86.22,91.05,91.35,88.9,90.8,91.78,83.21,92.18,90.89,89.34,95.44,82.62,91.1,101.3,87.2,NA,90.34,NA,70.9,64.34,91.38
2009-11,90.3,94.09,90.9,92.5,91.5,85.31,97,96.42,93.21,92.74,91.78,91.9,94.58,92.07,90.81,90.01,86.67,88.69,91.21,89.08,91.1,91.92,83.77,92.88,91.15,89.5,95.47,83.22,91.4,101.2,87.5,NA,90.62,NA,71.3,65.15,91.62
2009-12,90.49,94.39,91,92.2,92.3,85.41,96.5,96.55,93.19,93.01,91.21,92,94.19,91.63,90.52,89.91,86.5,88.53,90.56,89.35,91.1,92.08,84.03,92.48,91.1,89.65,95.7,83.85,91.6,100.9,88,NA,91.47,NA,71.3,65.5,91.45
2010-01,89.2,94.95,92,92.5,91.7,85.65,95.8,95.82,91.82,92.79,91.61,90.7,92.86,91.78,91.58,89.33,87.78,88.05,90.3,88.98,91.5,91.5,85.45,91.93,91.21,89.71,95.53,83.87,91.6,101.1,87.8,NA,91.7,NA,71.8,66.71,91.88
2010-02,91.28,95.22,92.1,93.4,92,85.87,96,95.24,91.61,93.36,91.74,90.6,93.13,91.75,91.5,90.27,87.98,88.33,91.15,89.16,91.8,91.55,85.61,92.23,91.22,90.04,96.13,84.95,92.8,101.1,88.2,NA,92.15,NA,72.1,67.67,91.93
2010-03,91.75,95.57,92.3,94,92.5,86.93,96.1,98.16,93.8,93.85,92.2,92,94,92.18,91.76,90.92,88.55,89.53,92.49,90.09,92,92.67,85.8,93.18,91.34,90.58,96.36,85.76,93.4,101.4,88.7,NA,92.69,NA,73,68.07,92.46
2010-04,92.16,96.68,92.7,94.2,92.4,87.37,96.2,99.38,94.46,94.14,92.65,92.9,95.02,92.96,92.16,91.31,89.31,91.81,92.81,90.28,92.4,93.06,86.07,94.21,91.67,90.84,96.3,86.03,93.5,102.2,89.2,NA,93.35,NA,73.5,68.47,92.68
2010-05,92.48,96.69,92.9,94.2,92.5,87.62,96.4,100.15,94.49,94.27,92.9,92.9,95.07,92.94,92.34,91.57,89.94,92.9,92.72,90.23,92.7,93.23,86.19,94.59,91.73,90.66,96.38,86.35,93,101.9,89.4,NA,92.66,NA,74.2,68.23,92.78
2010-06,92.5,96.27,92.8,94,92.6,87.97,96.3,99.98,94.6,94.26,93.01,93,95.4,93.29,92.38,91.5,90.1,92.82,92.11,90.22,92.9,93.43,86.32,94.78,91.72,90.87,96.32,86.18,92.9,101.6,89.5,NA,92.87,NA,74.3,67.85,92.64
2010-07,90.81,96.77,93.1,94,92.8,88.18,96.2,99.55,93.54,93.95,92.84,92.2,94.59,93.49,92.41,91.16,90.13,93.36,91.57,89.76,92.8,93.79,88.56,94.22,91.84,90.3,95.9,85.65,92.3,101.1,89.3,NA,92.2,NA,74.4,67.52,92.66
2010-08,92.67,96.93,92.9,94.4,92.9,88.15,96.4,98.81,93.75,94.19,92.7,92.3,95.43,92.82,92.21,92.04,89.71,94.28,91.7,90,92.4,93.66,88.76,94.35,91.74,90.65,95.84,85.98,92,101.1,89.8,NA,92.13,NA,75.4,67.79,92.81
2010-09,92.78,97.14,92.7,94.8,92.7,88.84,96.2,100.7,94.61,94.15,92.56,92.9,96.38,93.22,92.76,92.04,89.58,93.59,92.39,90.35,92.9,93.58,89.26,93.93,91.73,91.06,96.63,85.84,92.6,100.9,89.8,NA,92.18,NA,76.4,68.63,92.88
2010-10,92.91,97.32,92.4,94.6,92.8,89.33,96.3,100.83,95.03,94.29,92.69,93.6,96.93,93.52,93.12,92.14,89.93,93.03,92.61,90.68,93.3,93.91,89.75,94.07,91.76,91.44,96.94,86.44,92.7,101.5,90,NA,92.48,NA,77.1,69.88,93
2010-11,93.02,97.84,92.6,94.7,92.9,89.61,96.1,101.04,95.33,94.41,92.87,93.6,96.21,93.68,93.09,92.27,90.11,91.66,92.47,90.68,93.4,93.98,90.23,94.34,92.02,91.65,97.12,86.41,92.9,101.4,90.3,NA,92.84,NA,78,69.9,93.01
2010-12,93.55,98.59,93.1,94.8,94,90.04,96.3,101.53,95.86,94.88,92.79,93.9,96.02,93.83,93.8,92.71,90.49,92.11,92.23,91.3,93.7,94.33,90.71,94.48,92.25,92.13,97.72,86.78,94.1,101.4,91.2,NA,93.59,NA,78.6,69.69,93.19
2011-01,92.31,99.04,93.8,94.9,93.5,90.02,96.1,100.53,94.6,94.6,93.26,92.5,95.68,95.01,94.19,92.38,91.3,90.93,92.01,91.24,94.7,94.79,91.42,94.07,94.16,92.49,96.84,85.72,93.4,101.1,91.3,NA,94.05,NA,79.8,69.97,93.75
2011-02,94.48,99.58,93.9,95.8,94.1,90.62,96.9,99.19,94.7,95.07,93.72,92.6,96.05,95.28,94.26,93.8,91.66,90.68,92.93,91.97,94.9,94.74,92.13,94.09,94.42,93.19,97.32,86.91,93.9,101.6,92,NA,94.88,NA,81,70.49,94.32
2011-03,94.8,99.98,94,96.4,94.7,91.36,97.3,102.38,96.93,95.9,94.53,94.6,97.05,95.92,95.19,94.59,92.6,92.06,94.2,93.09,95.7,96.27,92.68,95.38,94.8,93.73,97.7,87.72,94.2,102.3,92.2,NA,96.33,NA,83.1,70.78,95.52
2011-04,95.05,99.89,94.2,96.9,94.9,92.09,97.6,103.05,97.78,96.24,94.81,95.6,98.38,96.97,96.17,94.93,93.26,94.03,94.77,93.64,96.2,96.8,93.3,96.08,95.25,93.9,98.02,88.65,94.8,102.4,93.2,NA,96.74,NA,84.1,71.39,96.32
2011-05,95.2,99.99,94.7,97,94.8,92.45,97.6,103.28,97.66,96.31,95.19,95.7,99.01,97.39,96.93,95.04,93.44,95.22,94.84,93.56,96.7,96.7,93.5,96.88,95.56,93.77,98.06,90.06,94.5,102.2,93.4,NA,96.55,NA,84.2,73.12,96.9
2011-06,95.52,99.68,94.7,96.8,94.8,92.31,97.4,103.07,97.48,96.39,94.87,95.8,99.74,97.63,96.83,94.98,93.22,95.69,94.23,93.53,96.3,96.52,93.23,96.25,95.51,94,97.74,90.32,94.1,102.2,93.3,NA,96.03,NA,83.9,72.07,96.71
2011-07,94.46,100.05,94.9,96.7,95.2,92.82,97.2,101.65,96.34,95.91,94.62,94.1,97.89,97.45,96.62,94.11,92.96,95.59,94.54,93.19,96.1,96.64,92.9,95.22,95.35,93.6,97.47,90.13,93.8,101.3,93.3,NA,95.33,NA,83.5,71.78,96.76
2011-08,95.86,99.91,94.8,96.7,95.2,93.08,97.4,100.21,96.31,96.46,94.61,94.4,98.05,97.08,96.28,95.41,92.85,96.64,94.65,93.34,96.1,96.25,92.58,95.48,95.47,93.8,97.41,90.24,93.1,100.7,93.8,NA,95.08,NA,83.5,72.3,97.04
2011-09,95.77,99.93,94.7,97,95.3,93.6,97.5,103.61,97.46,96.43,94.54,96.3,98.84,97.38,97.09,95.55,92.89,96.25,95.12,93.9,96.1,96.83,92.38,96.05,95.74,94.21,98.09,90.68,94.1,101.2,94.4,NA,94.94,NA,83.6,72.85,97.2
2011-10,95.9,100.26,94.9,97.2,95.4,93.52,97.8,103.71,97.87,96.69,95.02,97.1,100.01,97.53,97.03,95.63,93.38,95.4,95.22,94.11,96.8,97.71,92.98,96.79,95.95,94.37,97.98,91,94,101.2,94.5,NA,95.08,NA,83.9,75.23,96.86
2011-11,96.28,100.34,95.3,97.1,95.4,93.59,97.8,103.91,98.09,96.99,95.16,97.1,100.11,97.45,97.2,95.92,93.96,93.19,94.84,94.17,97.5,97.57,93.37,96.95,96.44,94.57,98.18,90.79,94,100.7,94.6,NA,95.6,NA,84.5,76.53,96.7
2011-12,96.53,100.6,95.7,97.1,96.1,93.72,97.7,103.74,98.11,97.41,94.77,97.4,100.01,97.47,97.06,95.87,94.19,93.47,94.54,94.4,98,97.63,93.59,96.46,96.48,94.53,98.15,91.34,94,101,95.1,NA,95.57,NA,84,76.97,96.33
2012-01,95.34,100.96,97.4,97.5,95.7,94.25,97.3,102.6,96.48,97.03,94.6,95.6,98.63,98.25,97.42,95.36,96.41,92.44,94.66,93.88,98.6,97.96,93.97,96.18,97.97,95.3,97.57,91.04,93.6,100.2,94.6,NA,95.97,NA,84.2,77.42,96.82
2012-02,97.65,101.56,97.6,98.4,96.5,94.64,98.4,100.85,96.51,97.49,95.19,95.8,99.05,98.41,97.77,96.87,96.96,93.04,95.6,94.38,99,98.1,94.6,96.74,98.19,96.02,98.29,92.73,94.8,100.4,95.1,NA,96.33,NA,84.9,77.89,97.35
2012-03,97.75,101.7,97.9,99,96.9,95.62,99.4,103.76,98.64,98.39,96.47,98.2,100.47,98.97,98.72,97.33,97.73,94.41,96.93,95.55,99.5,99.29,95.03,97.72,98.5,96.49,98.73,94.52,94.6,101.2,95.4,NA,96.63,NA,85.8,78.2,98.24
2012-04,97.8,101.94,97.9,99,97,96.04,99.4,104.62,99.71,98.56,97.28,99.1,101.95,99.66,99.33,97.75,98.51,97.6,97.39,95.82,100,99.63,95.1,98.88,98.74,96.71,98.99,95.01,94.7,101.3,96,NA,97.7,NA,86.3,79.45,98.56
2012-05,97.71,101.82,98.1,99,96.8,96.24,99.4,104.25,99.5,98.51,98.52,99.1,102.69,99.67,99.42,97.59,98.44,98.77,97.17,95.63,100.2,99.32,95.37,99.16,98.84,96.66,98.95,95.49,94.7,101.1,95.9,NA,97.41,NA,88,79.28,98.39
2012-06,97.59,101.3,98.3,98.9,96.6,96.38,99.2,104.05,99.26,98.56,98.29,99.3,102.58,99.68,99.38,97.43,98.45,99.85,96.59,95.62,100.4,99.14,95.31,98.54,99.07,96.76,98.64,96.58,94.1,100.8,95.5,NA,97,NA,88.9,78.56,98.17
2012-07,96.33,102.46,98.1,98.8,97,96.67,99.1,102.57,98.42,98.05,97.88,97.5,101.58,99.28,99.42,96.63,98.27,99.59,97,95.13,100,99.33,95.76,97.69,99.01,96.51,98.19,95,93.6,100.6,95.6,NA,96.09,NA,88.7,78.39,98.09
2012-08,98.35,103.03,98.1,99.2,97.4,96.98,99.9,101.36,98.92,98.76,98.52,97.6,102.46,98.91,99.6,98.11,98.39,99.76,97.07,95.47,99.8,99.27,96.28,98.47,99.06,96.85,98.31,94.33,93.1,100.3,96.1,NA,97.03,NA,90.1,78.77,98.64
2012-09,98.27,103.38,98,99.5,97.4,97.4,99.9,103.9,100.83,98.51,99.04,99.6,102.39,99.26,100.33,98.62,98.84,99.08,97.54,96.55,99.8,99.66,97.36,99.6,99.34,97.43,99.04,95.48,94.2,101,96.5,NA,98.09,NA,92.2,79.51,99.14
2012-10,98.45,103.31,98.3,99.4,97.4,97.47,99.8,104.67,101.29,98.71,99.37,99.8,102.6,99.07,100.14,98.68,99,98.43,98.33,96.85,100.1,99.8,97.59,99.88,99.73,97.67,99.14,95.67,94.7,101,97,NA,98.25,NA,94.7,81.15,99.03
2012-11,98.37,103.08,98,99.3,97.2,97.16,99.3,104.34,101.05,98.54,99.06,99.6,101.55,98.95,99.97,98.51,98.93,96.58,97.85,96.92,100.1,99.44,97.52,99.69,99.8,97.58,98.94,96.22,94.7,100.5,97.2,NA,98.27,NA,94.8,81.37,98.37
2012-12,98.54,103.38,98,98.9,98.1,97.13,99.4,104.07,101.06,98.9,98.94,99.9,101.46,99.02,99.89,98.25,98.97,96.04,97.73,97.15,100.1,99.67,97.86,99.45,99.73,97.79,99.17,96.02,95.1,100.7,97.6,NA,98.3,NA,94.4,81.69,97.99
2013-01,96.74,103.62,99.3,98.4,97.5,97.77,98.8,102.65,99.22,98.34,98.99,97.9,100.62,98.82,100.08,97.41,99.12,94.67,97.7,96.54,100.2,98.4,98.79,98.91,100.43,97.79,98.2,96.6,94.7,100.2,97.1,NA,98.58,NA,94.9,83.15,98.3
2013-02,99.14,103.8,99.3,99.5,98.2,98.42,99.6,100.99,99.31,98.65,99.4,97.7,100.86,98.75,100.02,99.24,99.74,94.7,98.7,96.87,100.2,98.29,99.19,99.59,100.4,98.37,98.75,98.48,95.4,100.5,97.8,NA,98.78,NA,95.4,83.48,99.28
2013-03,99.14,103.35,99.4,99.7,98.7,99.24,100,103.51,101.16,99.46,99.78,100,101.78,99.23,100.34,99.29,100.01,95.75,100.02,97.8,100.5,99.96,99.25,99.88,100.42,98.88,99.26,98.78,95.7,100.9,98.1,NA,98.92,NA,95.4,84.07,99.57
2013-04,98.98,102.9,99.6,99.5,98.1,99.33,99.9,104,101.23,99.35,100.29,100.3,102.02,99.26,100.68,99.41,100.29,98.5,100.1,97.82,100.8,100.02,99.28,100.45,100.46,99.06,99.03,98.77,96.4,100.9,98.3,NA,101.37,NA,96.2,84.23,99.39
2013-05,98.9,102.85,99.3,99.7,98.3,99.72,99.8,103.95,101.33,99.39,100.29,100.3,102.84,99.52,100.91,98.96,100.17,99.6,100.14,97.94,100.7,100.26,99.54,100.72,100.57,99.05,99.23,98.69,96.3,100.9,98.5,NA,100.92,NA,96.4,84.3,99.57
2013-06,99.19,102.56,99.8,99.5,98.5,100.29,99.9,103.79,101.44,99.57,100.45,100.5,103.43,99.9,100.71,99.38,100.41,100.43,99.65,97.77,100.7,100.31,99.57,100.75,100.72,98.99,99.09,99.59,95.9,101,98.3,NA,101.02,NA,97.4,84.88,99.82
2013-07,97.91,102.49,99.5,99.2,98.9,100.49,99.9,102.09,100.29,99.22,100.49,98.7,102.28,99.82,100.03,98.35,99.99,100.52,100,97.15,100.9,100.12,99.04,100.42,100.64,98.96,98.96,98.99,96.3,101.1,98.3,NA,99.66,NA,96.4,85.13,99.83
2013-08,99.43,102.29,99.3,99.3,98.9,100.43,100,100.38,100.54,99.72,100.84,98.7,102.54,98.82,100.13,99.77,99.93,100.41,99.78,97.37,100.6,99.43,98.81,100.71,100.46,98.84,99.09,98.81,96.2,100.7,98.7,NA,99.98,NA,96.8,85.08,99.89
2013-09,99.26,102.03,99,99.6,98.9,99.93,99.9,102.85,101.32,99.52,100.68,100.5,102.67,98.85,100.84,100.15,100.4,99.63,99.86,98.31,100.7,99.93,98.42,101.09,100.43,99.22,99.52,99.1,96.7,101.2,99.1,NA,99.93,NA,96.8,85.78,99.97
2013-10,99.15,102.19,99.1,99.8,98.6,99.61,99.7,102.69,101.34,99.39,100.13,100.5,102.08,99.05,100.66,99.7,100.08,98.96,99.61,98.3,100.8,99.8,98.74,101.03,100.44,99.35,99.3,98.71,96.8,101,99.1,NA,99.86,NA,97,87.4,99.56
2013-11,99.25,102.07,99,99.5,98.8,99.16,99.6,101.36,101.35,99.35,99.72,100.2,100.75,98.62,100.52,99.61,99.32,96.82,99.02,98.33,100.6,99.49,98.75,100.9,100.28,99.32,99.22,99.1,97,100.7,99.2,NA,99.69,NA,96.5,87.34,99.21
2013-12,99.69,102.5,99.5,99.4,99.3,99.12,99.7,102.18,101.37,99.73,99.39,100.5,100.19,98.62,100.34,99.76,99.56,97.01,99.1,99.08,100.7,99.84,99.15,100.36,100.12,99.68,99.53,99.55,96.8,100.9,99.6,NA,100.16,NA,96.6,87.77,99.12
2014-01,97.82,102.21,99.6,99.2,98.6,99.3,99.1,101.21,99.49,99.09,99.4,98.5,99.04,99.28,100.33,98.83,99.93,95.52,98.48,98.01,100.8,98.45,99.96,99.8,100.38,99.63,98.35,98.07,96.7,100.3,99,NA,100.07,NA,97.7,89.66,99.54
2014-02,99.97,101.61,99.6,99.8,99.2,99.53,99.7,100.12,99.36,99.7,99.25,98.1,99.59,99.27,100.33,100.01,100.01,96.21,99.07,98.3,100.9,98.2,100.47,99.77,100.28,99.91,98.88,99.27,97.2,100.3,99.5,NA,100.08,NA,97.9,90.1,99.97
2014-03,99.94,101.32,99.7,99.9,99.4,99.94,100.2,101.97,100.94,100.21,99.7,100.3,100.88,99.57,100.72,100.05,100.23,97.14,100.16,99.22,101.1,99.57,100.53,100.5,100.26,100.16,98.92,99.67,97.5,100.8,99.7,NA,99.8,NA,97.8,91.18,100.74
2014-04,99.74,101.54,99.7,100,99.2,100.13,100.2,102.35,101.57,100.18,100.21,100.8,101.61,100.08,101,100.28,100.12,99,100.74,99.35,101.1,99.91,100.87,100.97,100.26,100.3,99.31,100.1,97.9,101,100.1,NA,99.94,NA,98.4,92.12,101.13
2014-05,99.59,101.03,99.8,100,99,100.36,100.2,101.73,101.54,100.21,100.66,100.7,102.74,100.28,101,100.37,100.19,99.97,100.28,99.44,101,99.98,100.83,101.7,100.53,100,99.38,99.79,97.9,101.1,100,NA,100.36,NA,98.8,92.26,101.54
2014-06,99.74,100.72,99.8,99.9,99.4,100.64,100.4,102.27,101.49,100.16,100.91,100.8,103.48,100.67,100.99,100.56,100.29,101.14,99.92,99.43,101,100.06,100.51,101.77,100.64,100.05,99.6,100.92,97.6,100.9,100.2,NA,99.81,NA,98.9,92.7,101.73
2014-07,98.43,101.35,100,99.7,99.6,100.47,100.3,101.23,99.93,99.78,101.04,98.7,103.19,100.43,100.5,99.57,100.45,101.09,100.26,98.77,100.8,99.44,100.49,100.75,100.49,99.91,99.35,101.26,98.4,101,99.9,NA,99.82,NA,98.8,93.17,101.6
2014-08,99.83,101.26,100,99.6,99.7,100.25,100.6,100.14,100.02,100.26,101.12,98.6,103.34,99.65,100.4,100.47,100.22,101.26,100.14,98.79,100.5,99.37,100.13,100.69,100.28,100.07,99.32,101.05,98,100.7,100.2,NA,99.49,NA,98.6,93.45,101.3
2014-09,99.46,100.58,99.8,99.9,99.7,100.14,100.4,101.72,101.04,99.89,100.88,100.4,102.69,100.02,100.85,100.45,99.87,100.26,100.12,99.69,100.4,99.89,100.24,100.98,100.34,100.7,99.56,99.45,98.6,101.2,100.3,NA,99.54,NA,99.2,93.48,101.32
2014-10,99.47,100.66,99.9,100,99.3,100.08,100.1,100.84,101.12,99.92,100.64,100.7,102.36,99.78,100.95,100.14,99.79,99.66,100,99.7,100.5,99.93,100.48,101.07,100.43,100.53,99.62,99.65,98.7,101.1,100.4,NA,99.8,NA,98.9,95.28,100.9
2014-11,99.31,100.14,99.6,99.8,99.3,99.17,99.8,100.12,100.88,99.75,99.99,100.5,100.73,99.55,100.88,99.76,99.4,97.45,99.27,99.84,100.3,99.57,100.28,100.95,100.26,100.38,99.54,98.53,98.8,100.8,100.1,NA,99.78,NA,98.8,95.36,100.09
2014-12,99.3,100.5,99.5,99.5,99.4,99.18,99.4,99.59,100.22,99.82,99.29,100.5,99.23,98.89,100.23,98.82,98.72,97.38,99.04,99.88,100,99.57,100.18,100.27,99.99,100.23,99.8,99.15,98.7,100.9,100.1,98.03,99.92,NA,98.4,94.98,99.29
2015-01,97.2,99.8,99.5,98.9,98.1,98.78,98.7,98.42,98.04,98.7,98.77,98,98.31,98.94,98.96,97.69,98.56,96.29,97.82,98.48,99.7,98.09,100.46,99.08,99.87,99.49,98.71,98.02,98.5,100.28,99.3,97.84,99.41,NA,98.1,96.12,98.6
2015-02,99.56,99.86,99.6,99.7,99,99.3,99.3,98.21,98.18,99.42,98.88,98.2,98.83,99.3,98.82,99.68,99.06,96.75,98.62,98.75,99.6,98.11,100.84,99.24,99.68,99.83,99.54,98.45,98.9,99.92,99.5,98.12,99.52,NA,98.7,96.96,99.1
2015-03,99.82,100.19,99.8,100.2,99.7,99.95,100,100.07,100.15,100.17,99.72,100.3,99.51,100.09,99.63,100.11,99.7,97.64,99.88,100.15,99.9,100.01,101.3,100.1,99.87,100.2,99.66,99.58,99.2,100.39,99.7,99.09,99.93,NA,99.4,98.13,99.8
2015-04,100.11,100.66,100.2,100.4,100.2,100.53,99.9,100.5,100.83,100.3,100.11,100.7,99.85,100.65,100.36,100.25,100.1,100.36,100.71,100.28,100.3,100.4,101.51,100.2,100.13,100.22,99.82,99.77,99.6,100.12,99.9,99.33,100.31,NA,100,99.43,99.99
2015-05,100.43,100.7,100.5,100.4,100.6,100.89,100.4,100.28,101.27,100.56,100.68,100.9,100.97,101.46,100.95,100.8,100.81,101.26,100.97,100.45,100.4,100.93,102.17,100.87,100.44,100.11,100.26,100.13,99.8,100.2,100.1,100.09,100.76,NA,100.1,99.92,100.61
2015-06,100.6,100.15,100.7,100.3,100.5,100.94,100.8,101.15,101.46,100.49,100.97,101,101.32,101.35,100.77,101.02,100.99,102.3,100.4,100.4,100.5,100.82,99.59,100.79,100.55,100.12,100,100.89,100.1,100.32,100.2,101.31,100.78,NA,100.8,99.75,100.96
2015-07,99.27,100.34,100.5,100.2,100.9,100.61,100.5,99.96,99.9,100,100.81,99.1,100.7,100.27,100.27,99.74,100.97,102.33,101.07,99.89,100.4,100.15,99.07,100.07,100.27,99.82,100.13,101.76,99.9,100.13,100,101.51,100.09,NA,100,99.77,100.88
2015-08,100.58,100.41,100.2,99.9,100.8,100.41,100.8,99.75,99.5,100.36,101.02,98.9,101.37,99.84,99.4,100.55,100.35,102.68,100.58,99.73,100.1,100.03,98.45,100.08,100.06,99.87,99.96,102.17,99.7,99.59,100.3,101.46,100.22,NA,100.8,100.06,100.6
2015-09,100.36,99.62,100.1,100.2,100.5,99.82,100.3,100.94,99.9,99.99,100.38,100.6,100.73,99.62,100.01,100.27,99.76,101.85,100.4,100.25,99.8,100.78,98.73,99.95,99.82,100.02,100.45,100.31,100.5,99.93,100.2,101.19,100.05,NA,100.8,100.87,100.29
2015-10,100.62,99.46,100,100.1,100.5,100.05,100,100.75,100.21,100.07,100.13,101,100.48,99.64,100.5,100.05,100.02,101.23,100.4,100.35,99.9,100.63,99.03,99.92,99.9,100.19,100.55,100.01,101.1,99.98,100.3,100.36,99.74,NA,100.6,102.6,100.14
2015-11,100.7,99.19,99.6,99.9,99.5,99.71,99.7,100.01,100.47,99.86,99.55,100.6,99.25,99.57,100.35,100.19,100,98.74,99.64,100.32,99.8,100.19,99.34,100.02,99.88,100.15,100.38,99.06,101.5,99.63,100.3,100.03,99.6,NA,100.4,103.08,99.77
2015-12,100.74,99.6,99.4,99.8,99.6,99.01,99.6,99.98,100.09,100.09,98.99,100.6,98.67,99.29,99.98,99.66,99.66,98.6,99.53,100.95,99.6,99.86,99.5,99.67,99.53,99.98,100.54,99.86,101.1,99.51,100.3,99.69,99.58,100,100.2,103.31,99.25
2016-01,98.99,99.4,100,99.3,98.5,98.85,98.7,98.3,97.63,99.02,98.6,98.4,97.25,98.63,99.62,98.13,99.52,97.07,98.03,99.85,99.4,98.78,98.95,98.32,99.24,99.52,99.96,99.12,101.6,98.82,99.5,98.96,99.84,101,100.7,105.35,99.37
2016-02,100.67,98.89,100.1,99.8,98.9,99.65,99.1,98.28,97.21,99.31,98.32,98,96.65,98.72,99.35,99.37,99.38,97.69,98.94,99.76,99.4,98.28,98.69,98.36,99.37,99.69,100.3,99.33,102.2,98.98,99.8,98.64,99.69,102.28,100.6,105.35,99.4
2016-03,101.46,98.28,100.1,99.9,99.8,100.41,99.4,99.4,99.16,100.09,98.82,100.1,97.37,99.47,100.41,99.49,99.53,98.64,100.4,100.82,99.5,100.48,98.85,99.16,99.38,100.18,100.85,99.91,102.8,99.36,100.2,98.45,99.77,102.8,100.5,105.31,99.9
2016-04,101.65,98.12,100.7,100.1,99.9,100.49,99.7,100.07,99.65,100.18,99.23,100.3,97.74,99.91,101.13,99.64,100.37,101.19,100.51,100.93,99.8,100.93,98.82,99.5,99.74,100.49,100.86,100.17,103.1,99.59,100.2,98.92,99.93,102.31,100.9,105.99,100.44
2016-05,102.04,98.14,100.5,100.3,100.5,100.88,100.2,100.08,100.17,100.65,99.49,100.6,99.03,100.65,101.14,100.17,100.66,102.24,100.75,101.04,100,101.33,99.15,100.33,99.69,100.4,101.08,101.59,103.5,99.71,100.4,99.52,100.66,100.9,101,106.47,100.88
2016-06,102.4,98.27,100.6,100.4,100.6,101.37,100.9,101.38,100.59,100.8,99.77,100.8,99.31,100.71,101.13,100.6,100.87,103.36,100.2,101.04,100.1,101.5,98.94,100.84,99.82,100.46,101.19,102.5,104.2,99.74,100.6,100.26,100.75,100.22,101.1,106.76,101.21
2016-07,101.3,99.25,101,100.3,101.2,101.38,100.6,100.16,99.25,100.39,99.72,98.9,100.3,100.41,100.31,99.33,100.69,103.29,100.5,100.49,99.8,100.87,98.74,99.97,99.41,100.31,101.27,102.91,104.9,99.66,100.6,100.82,100.56,100.31,101.2,108.09,100.89
2016-08,102.59,99.29,100.8,99.9,101.1,101.52,100.4,100.18,99.21,100.74,99.55,98.8,100.74,99.74,99.86,100.32,100.28,103.72,100.67,100.33,99.6,100.83,98.74,99.9,99.27,100.35,101.13,102.87,104.2,99.63,100.9,100.92,100.63,101.3,102.2,107.96,100.9
2016-09,102.15,98.55,100.6,99.9,101.1,101.56,100,100.88,99.93,100.5,99.7,100.7,100.32,100.09,100.63,100.59,100.45,102.8,100.31,101.33,99.6,101.49,98.59,100.18,99.3,100.57,101.29,101.37,104.6,99.63,101.1,100.98,100.74,101.67,101.5,108.26,101.1
2016-10,102.56,98.46,100.8,100.2,101.2,101.09,99.6,101.33,100.71,100.54,99.84,100.9,99.46,100.71,101.16,100.77,101.1,101.78,100.67,101.72,100,101.69,99.09,100.61,99.58,100.82,101.69,100.32,105.2,99.73,101.2,100.58,100.53,101.38,102.2,109.94,101.16
2016-11,102.46,98.36,101.2,100,100.3,101.06,99.5,99.85,100.95,100.55,99.72,100.7,98.48,100.79,101.46,100.82,101.06,99.5,100.02,101.79,100,100.71,99.13,100.69,99.67,100.8,101.73,99.65,105.5,99.43,101.4,100.54,99.97,101.44,102.1,110.28,100.83
2016-12,102.96,99.1,101.5,100.1,101.2,101.34,99.4,100.27,101.5,100.9,99.69,101.1,98.73,101.38,101.94,101.24,101.46,99.55,100.27,102.55,100.5,100.74,99.41,100.29,99.75,101.08,102.28,99.75,104.9,99.35,101.9,100.6,99.76,102.49,101.9,112.11,100.79
2017-01,102.03,99.77,102.3,100,100.2,101.61,98.9,99.79,100.5,100.57,99.51,99.4,97.92,101.45,102.15,100.59,101.87,98.47,99.64,101.91,100.8,100.05,99.28,99.84,100.02,100.41,101.5,98.52,104.5,99.15,101.4,101.03,100.89,105,103.2,114.87,101.5
2017-02,104,99.8,102.7,100.7,101,103.08,99.4,99.69,100.16,100.73,99.7,99.6,97.99,101.86,102.49,102.05,102.22,98.87,100.58,102.13,101.3,99.85,99.18,100.79,100.55,101.12,102.25,99.12,105,99.71,102.1,101.19,100.17,106.09,104,115.8,101.85
2017-03,103.99,99.28,102.7,100.8,101.3,103.46,100,101.06,101.29,101.47,99.92,101.5,98.83,102.74,103.58,101.98,102.21,99.78,101.03,102.94,101.3,101.86,99.25,101.14,100.42,101.1,102.25,98.54,105.4,99.85,102.5,101.27,100.78,106.71,104.3,116.98,101.91
2017-04,104.35,99.74,102.8,101.1,101.9,104.06,100.4,101.72,102.21,101.57,100.6,102.3,99.78,103.19,104.64,102.23,102.63,102.35,101.94,103.27,101.6,103.35,99.46,101.18,100.56,101.5,102.84,99.39,105.5,100.31,102.9,101.38,101.54,106.01,105.2,118.51,102.26
2017-05,104.02,99.52,103,101,101.8,104.41,100.2,101.56,102.16,101.59,100.45,102.2,99.92,103.39,104.42,102.11,102.79,103.39,101.49,103.21,101.5,103.08,99.68,101.86,100.82,101.32,102.89,99.05,105.8,100.13,103.3,102.08,102.83,104.32,104.8,119.04,102.32
2017-06,103.95,99.35,103,100.8,102.3,104.55,100.3,102.3,102.22,101.58,100.86,102,100.19,103.82,104.66,102.09,102.85,104.44,101.17,103.06,101.4,102.53,99.61,101.76,100.82,101.34,103,99.83,106.2,100.16,103.3,102.62,103.39,103.96,105,118.72,102.35
2017-07,103.13,99.85,103.4,101.8,102.9,105.36,100.4,101.08,100.98,101.17,100.95,100.1,100.24,103,104.46,101.13,102.92,104.57,102,102.47,101.2,101.89,99.61,101.14,100.87,100.94,103.59,100.93,106.4,100.24,103.2,103.86,102.71,103.27,104.6,118.89,102.16
2017-08,104.64,100.03,103.2,101.4,103,105.8,100.8,100.77,101.15,101.74,101,100.2,101.22,102.9,104.45,102.58,102.95,105,102.18,102.46,101,102.12,99.36,101.27,100.88,101.12,103.37,100.16,105.6,100.17,103.8,104.17,103.11,103.88,104.9,119.51,102.44
2017-09,104.15,99.81,103.1,101.5,103,105.56,100.2,101.93,101.77,101.58,101.32,102,100.45,103.07,105.28,102.61,103.01,104.05,101.75,103.9,101.2,103.15,99.92,101.6,101.05,101.35,103.51,98.66,106.3,100.39,104.1,104.14,103.2,104.37,104.9,120.29,103.07
2017-10,104.44,99.94,103.6,101.6,102.7,105.16,100.1,101.8,102.4,101.7,101.43,102,99.84,103.44,105.42,102.79,103.34,103.33,101.97,104.12,101.6,103.64,101.03,101.87,101.4,101.32,103.4,99.16,106.3,100.5,104.2,103.42,103.2,104.61,105.1,122.79,102.86
2017-11,104.61,100.21,103.7,101.3,102,105.56,100,100.9,102.73,101.8,101.29,101.8,98.66,103.54,105.69,102.8,103.66,100.97,101.57,104.27,102,102.53,101.68,102.14,101.73,101.67,103.63,97.41,106.6,100.22,104.6,103.55,103.12,103.91,105,124.62,102.77
2017-12,105.08,100.88,103.7,100.9,102.7,105.15,99.9,101.24,102.74,102.16,100.95,102.1,98.32,103.57,105.82,102.83,103.68,100.88,101.49,104.94,102.2,102.37,101.98,102.21,101.71,101.59,104.05,98.73,106.5,100.45,104.9,103.45,103.22,104.96,105,125.48,102.58
2018-01,103.82,101.08,104.4,100.6,101.7,105.28,99.2,100,101.22,102.06,100.75,100.6,96.47,103.49,105.87,101.9,104.01,99.63,101.12,103.86,102.4,101.15,102.66,101.56,102.59,101.26,103.1,97.86,106.2,99.95,104.4,104.35,102.96,106.79,105.3,126.76,103.23
2018-02,105.53,101.31,104.3,101.2,102.2,106.37,100.1,100.09,101.37,102.05,100.62,100.1,97.58,103.72,105.73,103.14,104.18,100.19,101.84,104.12,102,100.51,102.91,102.22,102.75,101.74,103.93,98.09,107.4,100.24,104.9,104.68,103.22,107.81,105.7,127.69,103.79
2018-03,105.56,101.13,104.3,101.2,103,106.44,100.5,101.26,102.59,103.22,101.09,102.4,98.43,105.06,106.15,103.15,104.29,101.11,102.06,105.05,102,102.69,103.23,102.61,102.95,101.98,104.25,98.8,107.7,100.56,105,104.94,103.45,108.16,105.8,128.96,104.01
2018-04,106.01,101.45,104.6,101.8,103.2,107.04,100.3,102.23,103.36,103.43,102,102.9,99.51,105.35,106.92,103.6,105.06,103.77,102.99,105.29,102.5,103.68,103.69,103.07,103.56,102.32,104.66,98.7,108.2,100.76,105.4,104.97,103.84,107.78,106.3,131.37,104.47
2018-05,106.38,101.84,105.1,102,104.3,107.61,100.9,102.33,104.32,103.92,102.27,103.2,100.87,105.83,107.42,104.22,105.75,105.19,103.41,105.4,102.7,104.55,104.28,104.12,103.57,102.37,104.95,99.03,108.2,101.15,105.8,105.47,105.59,106.22,107.1,133.5,104.96
2018-06,106.68,102.34,105.5,101.9,104.4,108.65,101,103.29,104.56,103.93,103.06,103.4,101.92,106.59,107.33,104.53,106.11,106.57,102.85,105.46,102.8,104.57,104.33,104.15,103.7,102.55,105.21,101.25,109.1,101.11,105.8,105.99,105.49,106.14,107.6,136.99,105.09
2018-07,105.93,103.41,105.7,102.7,105.2,108.87,101.4,101.87,103.31,103.8,103.2,102,101.67,105.75,106.82,103.63,106.44,106.81,103.96,104.83,102.6,104.16,103.94,103.27,103.53,102.36,105.82,102.8,110.1,101.47,105.8,106.63,105.08,105.66,107.1,137.74,105.01
2018-08,107.41,103.75,105.7,102.2,105.2,109.55,101.7,101.66,103.41,104.35,103.16,101.8,102.91,105.78,106.37,105.06,106.49,107.56,104.09,104.82,102.4,103.46,104.02,103.29,103.77,102.51,105.53,102.31,109.7,101.46,106.5,106.5,105.48,106.02,107.6,140.91,104.99
2018-09,107.1,103.39,105.3,102,105.3,109.26,101.4,103.08,104.06,104.12,102.96,103.5,102.11,106.44,107.85,105.38,106.82,106.69,103.36,106.11,102.7,105.03,104.62,103.84,103.81,102.78,106.05,99.87,110.3,101.47,106.6,105.72,105.33,106.34,107.1,149.79,105.08
2018-10,107.8,103.55,105.7,102.3,105.4,109.86,101.2,103.59,104.77,104.24,103.12,103.7,101.78,106.75,108.42,105.64,107.35,105.45,103.89,106.62,103.1,104.49,105.26,104.21,103.9,103.05,105.89,100.08,110.1,101.65,106.7,105.1,105.62,105.91,107.5,153.79,105.21
2018-11,107.63,103.25,105.4,102,104.2,108.97,100.8,101.96,104.52,104,102.6,103.4,100.25,106.57,108.22,105.47,106.98,102.35,103.37,106.64,103.1,103.43,104.96,104.31,103.76,103.13,105.77,98.84,110.7,101.24,107,105.32,105.09,105.41,107,151.57,104.65
2018-12,107.39,103.21,105.4,101.6,104.4,108.64,100.7,101.88,104,104.1,101.96,103.3,99.31,106.21,107.68,104.78,106.58,102.13,103.35,106.74,103.1,103.02,105.06,103.68,103.61,102.93,106.29,100.67,110.7,101.24,107.1,104.96,104.82,106.87,107.1,150.96,104.15
2019-01,105.69,103.43,106.5,101.8,103.4,108.18,100,100.54,102.26,103.52,101.32,101.5,98.53,106.53,107.6,103.58,106.88,100.58,103.13,105.62,103,101.73,105.98,102.78,104.86,102.48,105.13,99.69,110,100.63,106.3,104.69,104.78,109.36,107.4,152.57,104.34
2019-02,107.62,103.73,106.8,102.3,103.9,108.38,100.8,100.86,102.47,103.64,101.41,101.2,98.36,106.64,107.86,105.31,107.47,101.5,104.44,105.61,103.3,101.45,107,103.5,105.09,103.04,105.88,99.13,111,100.92,106.8,105.11,105.07,110.25,108.1,152.81,104.83
2019-03,107.86,103.95,107,102.4,104.4,108.83,101.6,102.32,103.9,104.55,102.2,103.5,99.49,107.85,108.88,105.63,108.23,102.47,104.98,106.81,103.7,103.53,107.58,104.23,105.78,103.15,106.1,100.15,111.1,101.23,107,105.83,105.73,109.75,108.6,154.39,105.51
2019-04,108.11,104.6,107.1,102.7,105.4,110.5,102,103.33,105.06,104.93,102.86,104,100.74,108.86,109.85,105.92,109.2,105.57,106.11,107.12,104.7,104.6,108.3,104.93,106.01,103.9,106.82,101.91,111.6,101.85,107.6,106,106.7,109.47,109.4,157,106.14
2019-05,108.16,104.76,107.8,102.7,105.7,110.93,101.9,102.93,105.31,105.06,103.3,104.1,101.03,109.53,110.15,106.47,110,107.02,105.82,107.18,105,104.87,108.86,105.75,106.39,103.67,107.12,101.91,111.3,101.63,107.9,106.22,107.3,107.98,109.2,158.49,106.36
2019-06,108.09,104.73,108,102.4,106,111.47,102.1,103.54,105.18,105.35,103.59,104.2,102.26,109.85,109.87,106.11,109.75,108.45,105.67,107.11,105.2,105.27,108.43,106.1,106.49,103.71,106.94,103.54,111.4,101.82,107.9,106.06,105.32,107.76,109.1,158.53,106.29
2019-07,107.21,106.13,108.4,103.1,106.4,111.1,101.9,102.32,103.98,105.11,104.12,102.3,101.81,108.89,109.51,105.3,109.98,108.76,106.67,106.26,105.2,103.46,108.23,105.38,106.64,103.38,107.45,104.51,112.1,101.87,107.9,106.29,105.38,107.28,109,160.68,106.44
2019-08,108.34,106.33,108.5,102.7,106.3,111.87,102.3,101.74,103.87,105.67,103.73,102.3,103.49,109.08,109.03,106.54,109.89,109.63,107.32,106.34,105.1,103.34,108.24,105.79,106.87,103.79,106.91,104.13,111.3,101.94,108.4,106.43,105.88,107.61,109.1,162.07,106.34
2019-09,107.7,105.07,108,102.4,106.2,111.7,102,103.3,104.28,105.28,103.54,103.7,101.65,108.91,110.02,106.5,109.91,108.44,106.16,107.42,105.2,104.76,108.3,105.64,106.97,103.83,107.43,102.71,111.9,101.56,108.5,106.05,105,107.84,108.6,163.67,106.36
2019-10,108.01,105.23,108.5,102.9,106.3,111.45,101.8,103.23,104.97,105.2,103.79,103.9,101.27,109.06,110.1,106.53,110.58,106.9,106.82,107.72,105.5,104.39,108.68,105.74,106.87,103.98,107.57,102,112,101.37,108.3,106.23,104.81,107.59,108.7,166.95,106.59
2019-11,108.02,105.56,108.6,102.6,105.4,110.95,101.6,102.51,105.01,105.27,103.39,103.6,100.73,108.68,110.1,106.56,110.66,103.69,106.01,107.92,105.6,103.66,108.9,105.77,107.05,103.92,107.67,100.97,112.4,100.92,108.5,106.16,104.49,107.35,108.9,167.59,106.42
2019-12,108.38,106.41,108.8,102.4,106,110.59,101.8,102.95,104.88,105.78,103.25,103.8,100.03,108.48,110.62,106.68,110.96,103.44,106.24,108.69,106.2,103.4,109.31,105.71,106.89,104.1,108.14,101.59,112,101.17,108.5,106.16,104.62,108.42,109.3,168.83,106.22
2020-01,107.17,106.94,110.5,102.6,105.1,109.94,101.1,101.63,103.42,105.24,103.12,101.9,99.22,108.85,110.81,106.21,111.92,101.97,104.85,107.91,106.9,102.57,110.09,105.15,108.23,103.72,106.73,100.33,111.9,100.8,108.2,106.11,104.79,111.11,109.9,171.11,106.66
2020-02,108.74,106.95,110.8,103,105.7,110.56,101.7,101.27,103.36,105.27,102.65,101.4,99.37,109.04,110.84,107.25,112.22,102.63,105.77,107.92,107.5,101.99,110.05,105.56,108.37,104.2,107.21,101.79,111.8,100.7,108.6,105.98,105.07,111.77,110.6,171.71,106.98
2020-03,108.32,106.46,110.8,102.7,105.8,109.89,102.1,102.51,103.98,105.34,102.68,103.6,99.59,109.35,110.69,105.99,112.48,103.68,106.09,108.5,107.7,103.67,110.47,104.91,108.34,104.03,106.97,101.19,111.7,100.78,108.6,105.75,105.44,112.63,110.5,172.7,106.61
2020-04,108.1,106.01,110.6,102.6,106.2,109.52,101.7,102.39,104.35,105.32,102.71,104.1,99.52,108.78,110.86,105.1,111.95,106.7,107.14,108.75,107.7,104.46,110.76,103.56,108.26,103.58,106.58,101.85,112.3,100.87,108.5,105.1,105.91,112,110.7,174.17,105.64
2020-05,107.92,105.76,111.1,102.5,106.2,108.91,101.1,102.23,104.41,105.49,102.58,103.8,99.62,108.5,110.34,104.78,112.45,108.02,106.94,107.81,108.6,104.2,110.77,104.3,108.58,103.52,107.25,102.8,112.5,100.65,108.5,105.19,106.57,110.98,110.4,176.54,105.57
2020-06,108.33,105.69,111.7,102.6,106.9,109.67,101.5,101.56,104.87,105.58,103.14,103.8,99.97,108.68,110.81,105.72,112.92,109.49,107.45,108.25,109.2,105.5,110.78,105.21,108.46,103.77,107.93,103.84,112.8,100.53,108.6,105.27,107.76,110.17,111.1,178.54,106.29
2020-07,109.05,106.58,112.3,103.5,106.4,109.69,101.3,100.17,103.23,106.01,103.48,103.1,99.73,108.99,110.53,105.4,114.25,109.54,108.42,108.14,109.1,103.38,110.95,105.05,108.54,104.07,108.18,104.37,113.7,100.63,109.1,105.01,107.45,109.59,111.4,179.59,106.92
2020-08,107.38,107.01,112.3,103.1,106.2,110.38,101.2,99.45,103.23,105.89,103.27,101.8,100.5,108.53,110.32,106.34,114.24,110.35,107.65,107.82,109,103.12,110.93,105.02,108.41,104.09,107.99,105.03,113.1,100.54,108.6,105.09,107.93,109.83,111.2,181.13,107.3
2020-09,108.21,105.7,111.6,102.9,105.8,110.22,100.8,100.91,103.69,105.3,103.18,102.7,99.7,108.45,110.66,106.13,113.7,108.96,107.19,108.67,109.2,103.92,110.53,104.85,108.45,104.11,108.06,104.19,113.5,100.44,109.1,105.56,107.22,110.34,110.6,182.9,107.46
2020-10,108.47,105.87,111.7,103.2,105.8,109.51,100.3,101.13,104.01,105.27,103.6,103.3,99.87,108.32,110.65,106.08,113.91,107.54,108.05,108.93,109.5,103.8,110.67,105.2,108.61,104.22,107.99,103.73,113.9,100.45,109.1,105.36,107.04,110.68,110.7,186.8,107.44
2020-11,108.27,105.89,111.6,103,104.7,109.63,100.6,100.31,104.12,105.5,103.36,103.3,99.67,107.97,110.49,105.86,113.72,103.93,106.72,109.13,109.5,103.24,110.7,104.56,108.71,104.1,107.91,103.61,112.9,100.09,108.9,105.07,107.67,109.68,110.7,191.09,107.33
2020-12,108.76,106.43,111.4,102.8,105.3,109.62,100.8,100.49,104.28,105.75,102.96,103.5,99.24,107.95,110.54,106.32,114.08,103.61,107.22,109.79,109.8,103.1,111.32,104.48,108.65,104.3,108.79,103.97,113.6,100.19,NA,105.16,107.86,110.06,110.7,193.48,107.42
2021-01,107.82,106.59,112.9,103,106.8,110.22,101,99.2,103.87,106.03,103.08,102.6,98.41,108.36,111.05,107.33,115.12,102.22,106.51,109.05,110.8,102.76,112.29,104.2,109,104.76,108.73,103.8,114.9,100.24,NA,105.38,107.51,111.73,111.2,196.72,107.96
2021-02,109.08,107.16,113.1,103.5,107.4,111.16,101.3,99.39,103.27,106.07,103.32,102.4,98.5,108.83,111.33,106.67,115.94,102.75,107.76,109.4,111.4,102.27,112.76,104.41,109.31,105.12,109.11,104.64,115.8,100.32,NA,105.83,107.68,113.28,111.9,198.5,108.66
2021-03,110.07,107.33,113.3,103.6,107.9,110.87,102.2,100.43,105.22,106.8,104.34,104.2,99.89,109.66,112.43,108.59,116.83,103.75,108.09,110.69,112.4,103.8,113.23,105.04,109.93,105.44,109.22,105.01,115.5,100.53,NA,106.38,108.24,114.19,112.4,200.65,109.6
2021-04,110.32,108.08,114,104.1,108.4,111.3,102.8,101.29,106.39,107.02,104.9,105.1,100.7,110.65,113.57,108.56,117.75,106.77,108.95,110.83,113.2,104.36,113.7,105.85,110.1,105.85,109.54,105.4,115.9,100.79,NA,106.98,109.15,114.34,113.6,204.02,110.71
2021-05,110.62,108.23,114.1,104.4,108.7,112.38,103,100.98,106.95,107.38,105.01,105,101.15,111.27,114.19,109.02,118.4,108.19,109.11,111.04,113.6,104.7,114.34,106.62,110.78,105.88,109.79,106.22,115.7,100.99,NA,107.62,110.09,113.57,114.3,205.82,111.77
2021-06,111.11,108.2,114.5,104.5,109.1,113.76,103.1,102.17,107.46,107.57,105.4,105.2,102.17,111.6,114.74,109.35,118.93,109.66,109.27,111.28,113.7,104.91,114.62,107.03,111.19,105.75,109.87,108.03,116.2,101,NA,108.22,110.27,112.48,114.6,209.82,113
2021-07,110.58,108.97,115.3,105.3,109.7,115.07,103.5,100.83,106.18,107.64,106.3,104.1,102.4,112.04,115.3,108.92,119.59,109.88,109.96,111.18,114.2,104.53,115.15,107.1,111.7,105.97,110.18,108.26,117.4,101.12,NA,108.76,110.47,112.51,114.8,213.59,113.6
2021-08,112.41,109.73,115.8,105,109.8,115.86,104.2,100.68,106.65,108.38,106.51,104.3,103.86,112.46,115.79,110.08,119.86,110.77,110.54,111.23,114.5,104.41,115.35,107.19,111.97,106,110.72,108.88,117.4,101.33,NA,109.04,111.46,112.74,115.9,215.96,113.81
2021-09,112.35,109.92,116.1,105.4,110.1,117.25,104.6,102.83,107.87,108.16,106.8,105.7,103.31,113.53,117.72,110.4,120.01,109.72,110.37,112.23,115.3,105.29,116.31,107.72,112.82,106.26,111.29,108.2,118.9,101.29,NA,109.23,111.51,113.26,116.8,218.71,114.06
2021-10,114.33,111.35,117.1,106.5,110.7,116.96,105.4,104,109.6,108.64,107.65,106.6,104.24,114.78,119.69,111.75,121.38,109.01,112.1,113.03,116.5,105.69,117.85,108.9,113.4,107.14,111.53,108.04,118.4,101.71,NA,109.42,112.02,113.43,117.9,223.96,115.12
2021-11,115.95,112.54,117,106.9,111,119.02,106,104.35,109.87,109.09,108.18,107.3,104.37,115.99,120.76,112.56,122.2,106.38,113.02,113.62,117.6,105.96,118.15,109.71,113.96,107.72,112.15,107.62,119.5,101.57,NA,109.68,112.82,113.33,119,231.83,115.7
2021-12,115.93,113.44,117.4,106.3,111.3,122.81,106.5,104.87,111.13,109.34,108.31,107.8,104.04,116.46,122.37,112.11,122.51,106.33,114.09,113.95,118.6,105.97,118.76,109.83,114.15,107.6,113.71,107.99,120.5,101.53,NA,109.87,113.11,114.27,119.5,263.29,116.02
2022-01,116.99,114.8,122.8,108,112.3,122.39,106.1,104.65,110.26,109.51,108.76,107.8,103.33,116.44,124.68,112.3,124.26,106.36,114.61,113.93,120.4,106.25,120.42,110.48,117.37,109.1,112.98,108.22,118.5,101.69,NA,111.15,114.68,116.03,120.4,292.52,117.14
2022-02,119.49,116.16,124.4,109,113.3,124.02,107.1,105.63,111.15,110.49,109.8,108.7,104.22,118.39,126.87,114.98,125.64,107.08,115.58,115.4,120.4,106.74,121.68,111.73,118.36,109.73,113.95,109.29,119.9,102.25,NA,112.58,116.01,117.84,121.7,306.58,118.38
2022-03,120.28,118.59,126.8,109.8,116.1,127.31,109.3,108.43,115.51,112.26,111.93,111.3,106.13,122.24,129.93,117.22,126.9,108.46,120.7,118,123.9,109.49,124.05,111.3,120.43,111.54,116.12,110.31,120.9,102.73,NA,115.68,118,120.67,122.7,323.33,120.29
2022-04,120.61,121.12,129.1,111.8,116.9,132.59,110.3,110.55,115.21,112.78,114.94,111.7,109.38,125.09,132.4,118.29,129.03,112.52,121.16,118.75,126.1,112.07,127,113.63,122.06,111.98,116.78,111.35,122.7,103.15,NA,117.89,120.68,121.37,124.4,346.79,121.01
2022-05,121.61,122.74,131.5,113,118.2,135.02,111.5,111.59,116.03,113.63,116.27,112.7,110.06,129.93,135.3,118.95,131.24,114.45,120.21,119.6,128.1,113.17,128.55,115.91,123.82,113.43,118.04,111.98,122.9,103.72,NA,119.03,123.19,120.38,125.9,357.06,122.53
2022-06,122.82,124.16,133.5,114,118.1,138.79,113,114.05,118.22,114.6,118.14,114.1,111.34,133.08,138.31,120.65,133.9,116.37,120.13,120.99,129.9,114.37,129.55,118.61,125.21,114.31,119.61,113.82,124.3,104.27,NA,121.11,126.25,119.93,127.9,374.67,124.45
2022-07,122.03,125.18,135.2,115.4,119,141.73,113.4,112.19,117.54,114.94,119.75,112.8,113.22,135.95,139.36,119.04,137.14,117.39,122.74,121.67,130.4,114.39,130.14,119.63,126.02,114.49,119.36,115.16,126,104.42,NA,123.69,127.71,120.61,129.2,383.5,124.2
2022-08,124.24,126.2,135.6,115.4,119.5,145.01,113.6,111.98,117.84,115.49,119.9,113.8,113.8,136.51,140.18,119.54,142.19,118.53,125.63,121.52,131.4,114.17,130.72,119.51,126.95,114.37,121.22,114.89,125.7,104.72,NA,124.23,130.05,121.46,130.7,389.05,123.88
2022-09,125.9,127.1,136.8,117.1,122.1,145.5,113.6,115.29,117.55,114.9,120.21,115.6,112.63,138.56,144.23,120.15,144.82,117.83,129.2,124.58,133.4,115.62,131.94,119.17,128.14,115.2,122.7,114.62,128,104.53,NA,125.27,132.18,122.21,132.7,401.1,123.93
2022-10,129.3,127.87,135.3,118.6,123.5,143.23,115.3,113.85,117.61,116.32,121.37,120,113.24,139.72,146.15,121.62,147.91,117.1,130.92,126.09,135.6,116.86,133.72,120.13,129.81,116.13,122.45,114.97,128.4,104.62,NA,126.31,133.71,122.55,135.1,415.33,124.33
2022-11,128.07,128.68,137.1,117.3,123.5,144.49,115.5,113.55,117.22,116.81,122.19,120.8,112.81,141.2,146.63,120.79,150.48,114.06,125.81,126.31,136.5,116.82,135.39,121.51,131.12,117.48,123.47,115.12,128.2,104.49,NA,126.99,134.33,122.39,136.3,427.41,123.91
2022-12,127.77,129.69,137.1,116.5,122,144.3,115.2,112.81,117.22,116.7,122.03,121.1,111.93,140.57,146.82,119.09,153.14,114.08,126.64,125.96,136.8,116.36,135.55,121.64,131.31,117.06,126.04,115.78,128.1,104.3,NA,127.16,133.21,122.89,136.9,432.46,123.13
2023-01,125.66,131.2,146.2,117.1,122.6,145.16,114.1,112.29,116.72,117.22,122.34,119.3,110.33,141.3,147.75,118.78,156.81,113.58,124.23,127.11,139.5,115.44,136.61,121.47,135.05,117.69,123.81,116.93,128,104.99,NA,127.6,133.05,124.26,138.7,461.35,124.11
2023-02,125.99,132.12,147.3,118,123.8,146.14,115.8,112.51,117.82,118.55,122.68,119.4,111.23,142.19,148.73,120.45,158.08,114.6,125.9,128.15,141.1,115.89,137.95,122.22,136.59,118.46,125,118.93,128.5,105.54,NA,128.21,133.9,125.9,140.5,475.88,124.7
2023-03,126.23,132.9,147.7,117.8,125.1,147.2,116.9,114.28,119.06,119.76,123.73,120.3,112.64,143.26,149.7,120.67,159.42,116.15,126.16,128.88,142.7,118.22,139.13,122.87,138.31,118.98,125.57,119.76,129.7,105.53,NA,127.54,134.3,127.25,141.7,486.83,124.94
2023-04,124.65,133.63,147.5,118.1,125.8,150.04,117.2,115.55,119.61,120.55,125.16,121.3,113.67,143.83,150,121.5,160.57,119.74,128.17,129.88,143.8,119.75,140.21,124.14,139.16,119.05,125.82,120.63,131.2,105.8,NA,128.01,135.11,127.44,142.8,498.51,125.63
2023-05,124.91,133.3,147.9,116.3,125.6,150.08,117.5,116.17,119.44,120.46,125.88,121.7,114.07,145.92,149.82,121.27,159.99,121.68,128.41,130.06,144.1,119.27,140.89,125.25,139.07,119.14,125.91,120.97,131.8,106.03,NA,129.06,136.41,127.14,144.2,498.7,125.8
2023-06,124.79,133.45,148.4,116.7,126.1,151.3,118.4,117.23,120.13,120.71,127.91,121.8,114.41,143.9,149.67,121.81,160.55,123.54,127.78,130.42,144.2,119.79,141.55,126.43,139.39,118.96,127.17,122.92,132.7,106.1,NA,131.07,137.89,126.88,145.2,518.27,126.15
2023-07,124.05,134.99,149,119.1,126.7,150.56,118.6,116.08,120.03,120.77,129.36,119.9,115.97,144.99,149.35,121.46,161.12,123.96,129.25,130.17,143.8,119.33,141.76,126.48,139.06,119.28,126.93,123.73,133.1,106.58,NA,133.34,138.8,126.65,145.2,567.63,126.28
2023-08,127.2,135.61,149.3,118.1,127.2,151.25,119.2,115.87,120.68,122.1,130,120.1,117.28,144.2,149.13,123.75,162.37,124.49,129.9,130.59,143.9,120.24,142.86,126.75,139.18,117.96,126.72,124.36,131.8,106.75,NA,135.59,140.63,127.14,145.7,619.09,126.94
2023-09,126.73,135.18,148.1,117.8,127.4,151.17,119.3,118.04,121.38,121.4,129.15,122.1,117.48,143.48,150.17,124.21,162.49,123.65,128.81,131.75,143.7,121.18,144.04,127.6,139.62,118.66,127.19,124.31,131.6,106.57,NA,135.59,140.85,128.19,146.1,648.45,127.12
2023-10,127.15,135.44,148.1,118.1,127.2,150.45,119.5,118.17,121.69,121.61,129.52,122.2,117.32,142.93,150.68,124.12,162.1,121.96,129.56,132.24,144.2,120.65,144.87,128.05,139.89,118.93,127.29,123.68,133.1,106.72,NA,134.6,138.22,128.36,146.5,670.67,126.97
2023-11,127.05,135.77,148.1,117.6,126.3,150.48,118.4,116.86,121.05,121.32,128.95,121.5,115.51,142.81,150.07,123.36,162.07,118.48,127.63,132.46,145.1,119.39,144.72,126.99,140.14,118.34,127.52,123.58,134,106.17,NA,133.99,138.4,127.89,147.1,692.75,126.49
2023-12,128.45,136.16,147.5,117,126.6,150.45,118.9,116.97,121.06,121.49,128.56,121.7,114.09,141.77,149.17,122.85,161.55,118.3,127.88,133.08,145.3,118.56,145.05,126.29,139.96,118.61,128.38,123.77,134.1,106.44,NA,133.39,138.22,128.42,147.2,713.14,126.16
2024-01,127.51,136.29,150.1,118.2,126.4,152.35,117.2,115.89,120.82,121.2,128.19,120.4,112.67,142.87,149.34,122.31,162.62,117.77,128.08,132.6,145.8,118.36,146.64,125.57,141.02,119.01,128.05,123.53,133.9,106.57,NA,134,138.44,128.98,147.6,760.88,126.92
2024-02,130.54,136.72,150.6,118.7,127.2,152.54,118.5,116.04,121.29,122.35,128.57,120.4,113.6,142.99,150.38,124.34,163.78,118.06,129.29,133.26,146.3,118.54,147.78,126.34,141.82,119.8,128.31,125.25,134.2,106.8,NA,134.51,139.08,129.39,148.5,795.41,127.49
2024-03,131.05,137.05,150.9,118.7,128,153.2,118.9,118.13,122.93,122.65,129.74,121.8,114.46,144.67,150.27,124.55,165.12,119.23,130.09,134.12,146.6,121.26,148.44,127.04,142,119.64,128.48,125.85,134.4,106.74,NA,135.16,140.31,130.36,149,820.57,127.99
2024-04,130.72,136.93,152.1,118.7,128.8,154.76,119.1,119.24,123.67,123.41,131.06,122.4,116.07,145.43,150.66,125.13,166.34,122.57,131.47,134.27,148.1,122.55,148.97,127.89,142.53,119.74,128.82,126.18,135.6,107.3,NA,135.41,141.29,130.37,150,846.64,128.18
2024-05,130.98,136.93,152,118.7,129.1,154.76,119.8,118.9,123.95,123.59,131.31,122.7,117.46,145.99,151.11,125.2,166.3,124.53,131.85,134.39,148.2,123.83,149.02,128.4,142.72,119.67,129.02,127.23,135.3,107.58,NA,135.63,142.62,130.32,150.7,875.21,128.26
2024-06,131.56,137.15,151.6,118.8,129.3,155.48,120.2,120.11,124.44,123.78,132.34,122.9,117.88,145.99,151.18,125.19,166.33,126.23,132.07,134.44,148.4,123.46,149.11,128.44,142.79,119.61,128.92,129.02,135.7,107.44,NA,136.23,142.15,130.07,150.9,889.52,128.48
2024-07,130.76,138.75,152.7,120.3,130,155.82,120.4,119.55,123.51,124.03,133.69,121.8,118.76,146.09,151,124.68,167.72,126.87,133.73,133.95,149.6,122.52,149.98,128.22,143.24,119.91,129.11,129.97,136.3,107.89,NA,137.39,143.73,129.83,151.5,918.24,128.45
2024-08,132.73,138.83,152.9,119.7,129.8,156.41,120.5,119.57,123.54,124.77,133.84,121.6,119.88,145.49,150.25,125.87,167.84,127.47,134.22,133.77,149.7,122.37,150.4,128.18,143.65,119.23,128.35,129.73,134.8,107.86,NA,138.27,145.01,130.22,152.1,940.91,128.61
2024-09,132.21,137.25,152.2,119.2,129.7,155.95,119.3,121.71,123.42,123.15,133.11,123,119.41,145.73,150.79,125.25,167.42,126.22,133.01,134.13,149.8,124.28,151.01,128.44,143.73,119.79,128.76,128.49,135.1,107.5,NA,137.48,146.05,131.17,152.4,969.11,129.21
2024-10,132.9,138.14,152.6,120,130.2,157.2,119.6,121.8,123.91,123.54,134.13,123.4,119.18,145.92,150.88,125.18,167.54,124.9,133.85,134.63,150.3,123.84,152.08,128.11,144.82,120.71,129.36,128.31,136,107.48,NA,136.96,144.61,131.3,153.2,996.99,129.43
2024-11,133.13,138.53,152.7,119.5,129.3,156.15,119,120.32,123.95,123.36,134.1,123.3,118.02,146.08,151.72,124.69,168.42,120.96,132.47,135,150.8,122.58,152.57,128.98,145.18,120.37,130.11,127.86,136.6,106.92,NA,137.05,146.15,130.92,153.6,1019.26,129.46
2024-12,134.12,138.99,152.3,119.1,130.2,156.57,120.1,120.42,124.49,123.62,134.35,123.4,117.65,146.54,151.95,124.84,169.3,120.48,132.93,135.92,150.9,122.24,152.96,128.82,144.48,120.46,130.46,128.18,136.4,106.86,NA,136.81,146.03,131.57,153.8,1029.82,129.47
2025-01,133.07,141.47,154.5,119.9,129.9,158.17,119.2,119.53,124.31,123.42,134.66,122.4,115.95,147.24,154.41,125.24,171.85,119.92,131.91,137.13,152.1,121.55,154.38,128.48,147.01,121.07,130.62,128.14,136.4,106.8,NA,138.42,146.5,132.13,154.8,1081.77,NA
2025-02,136.32,142.09,154.8,121.1,130.5,160.25,120.2,119.56,124.8,123.49,134.68,122.5,116.26,148.33,155.14,126.66,173.11,120.45,133.79,137.82,152.6,121.46,155.44,128.72,147.59,121.64,131.94,129.5,138.6,106.95,NA,138.83,147.4,132.56,155.5,1106.41,NA
2025-03,135.71,142.53,154.9,120.4,131,159.76,121,121.82,125.66,123.73,135.28,124.4,116.86,149.67,155.78,126.48,173.12,121.79,134.5,138.27,153.1,123.54,155.97,129.8,148.01,121.8,131.19,130.09,137.5,106.86,NA,139.43,145.64,133.65,155.7,1133.49,NA
2025-04,134.79,140.76,154.7,120.5,131.6,161.61,121.5,122.39,126.44,124.55,136.26,124.9,117.68,151.3,156.1,127.27,173.32,125.73,136.89,138.64,153.6,125.14,156.29,130.87,148.15,121.99,131.5,131.06,138.4,107.61,NA,140.55,146.22,133.73,156.1,1167.42,NA
2025-05,134.67,140.84,155.5,120.5,131.8,161.85,121.5,122.82,126.4,124.32,136.99,124.8,117.95,151.37,155.67,127.88,173.72,127.92,135.62,138.4,153.4,125.94,157.06,130.8,148.92,122.08,131.96,131.67,139,107.4,NA,141.75,148.49,133.29,156.6,1185.16,NA
2025-06,135.32,141.44,155.8,120.9,131.9,163.64,122.1,124.39,127.27,124.85,138.1,125.1,118.45,151.7,156,128.23,174.03,129.43,135.6,138.77,153.5,126.02,157.74,131.64,149.32,121.87,132.71,134.07,139.3,107.66,NA,142.56,149.36,133.26,158,1201.39,NA
2025-07,134.17,143.49,156.5,122.9,132.4,164.55,122.3,124.02,126.84,125.2,139.77,123.9,118.92,151.84,156.19,127.86,174.8,130,137.13,138.88,153.9,125.58,159.86,131.98,149.85,122.24,133.12,134.72,140.5,108.02,NA,143.78,150.38,132.95,159.1,1226.16,NA
2025-08,136.19,143.68,156.5,122,132.5,166.05,122.8,123.23,126.88,125.8,140.06,123.6,119.88,151.6,155.71,129.34,174.87,130.93,137.46,139.32,153.8,125.45,163.21,131.99,150,121.91,132.69,134.49,139.5,107.91,NA,144.79,151.33,133.2,159.5,1251.14,NA
2025-09,135.76,142.81,155.3,121.8,132.8,164.19,122.5,123.9,127.17,124.47,139.25,125.2,119.39,151.78,156.37,129.17,174.55,129.23,136.96,139.37,154.1,126.67,164.02,131.97,150.29,122.48,132.9,133.96,140,107.55,NA,144,150.81,134.12,157.2,1291.88,NA
2025-10,136.26,143.42,156.1,122.5,133.2,164.34,123,123.79,127.85,124.58,139.5,125,119.45,152.16,156.52,128.99,174.61,128.03,137.92,140.06,154.6,126.28,164.92,132.07,150.44,122.37,133.42,133.35,140.1,107.55,NA,143.3,150.91,134.13,157.9,1325.08,NA
2025-11,136.61,143.64,155.5,121.9,132.6,163.55,122.7,123.71,127.87,124.33,139.88,124.7,118.18,151.64,157.12,129.13,174.66,123.93,135.95,140.37,154.7,125.21,165.73,132.04,150.86,122.2,133.03,132.19,140.3,106.91,NA,142.37,151.43,133.66,158.3,1336.38,NA
2025-12,137.04,143.83,155,121.4,132.8,162.91,123.4,123.87,128.28,124.43,139.41,124.9,117.74,151.58,156.83,128.92,174.86,123.43,136.58,141.09,154.7,125.16,166.1,132.13,150.36,122.49,133.14,133.36,140.5,107.07,NA,141.9,151.22,134.4,158.5,1348.17,NA
