time,BEL_URX_ESTAT_M,BGR_URX_ESTAT_M,CZE_URX_ESTAT_M,DNK_URX_ESTAT_M,DEU_URX_ESTAT_M,EST_URX_ESTAT_M,IRL_URX_ESTAT_M,GRC_URX_ESTAT_M,ESP_URX_ESTAT_M,FRA_URX_ESTAT_M,HRV_URX_ESTAT_M,ITA_URX_ESTAT_M,CYP_URX_ESTAT_M,LVA_URX_ESTAT_M,LTU_URX_ESTAT_M,LUX_URX_ESTAT_M,HUN_URX_ESTAT_M,MLT_URX_ESTAT_M,NLD_URX_ESTAT_M,AUT_URX_ESTAT_M,POL_URX_ESTAT_M,PRT_URX_ESTAT_M,ROU_URX_ESTAT_M,SVN_URX_ESTAT_M,SVK_URX_ESTAT_M,FIN_URX_ESTAT_M,SWE_URX_ESTAT_M,ISL_URX_ESTAT_M,NOR_URX_ESTAT_M,CHE_URX_ESTAT_M,GBR_URX_ESTAT_M,BIH_URX_ESTAT_M,MKD_URX_ESTAT_M,TUR_URX_ESTAT_M,USA_URX_ESTAT_M,JPN_URX_ESTAT_M
time,Unemployment Rate,Unemployment Rate,Unemployment Rate,Unemployment Rate,Unemployment Rate,Unemployment Rate,Unemployment Rate,Unemployment Rate,Unemployment Rate,Unemployment Rate,Unemployment Rate,Unemployment Rate,Unemployment Rate,Unemployment Rate,Unemployment Rate,Unemployment Rate,Unemployment Rate,Unemployment Rate,Unemployment Rate,Unemployment Rate,Unemployment Rate,Unemployment Rate,Unemployment Rate,Unemployment Rate,Unemployment Rate,Unemployment Rate,Unemployment Rate,Unemployment Rate,Unemployment Rate,Unemployment Rate,Unemployment Rate,Unemployment Rate,Unemployment Rate,Unemployment Rate,Unemployment Rate,Unemployment Rate
time,Belgium,Bulgaria,Czechia,Denmark,Germany,Estonia,Ireland,Greece,Spain,France,Croatia,Italy,Cyprus,Latvia,Lithuania,Luxembourg,Hungary,Malta,Netherlands,Austria,Poland,Portugal,Romania,Slovenia,Slovakia,Finland,Sweden,Iceland,Norway,Switzerland,United Kingdom,Bosnia & Herzegovina,North Macedonia,Turkey,United States,Japan
time,BEL_URX_ESTAT_M,BGR_URX_ESTAT_M,CZE_URX_ESTAT_M,DNK_URX_ESTAT_M,DEU_URX_ESTAT_M,EST_URX_ESTAT_M,IRL_URX_ESTAT_M,GRC_URX_ESTAT_M,ESP_URX_ESTAT_M,FRA_URX_ESTAT_M,HRV_URX_ESTAT_M,ITA_URX_ESTAT_M,CYP_URX_ESTAT_M,LVA_URX_ESTAT_M,LTU_URX_ESTAT_M,LUX_URX_ESTAT_M,HUN_URX_ESTAT_M,MLT_URX_ESTAT_M,NLD_URX_ESTAT_M,AUT_URX_ESTAT_M,POL_URX_ESTAT_M,PRT_URX_ESTAT_M,ROU_URX_ESTAT_M,SVN_URX_ESTAT_M,SVK_URX_ESTAT_M,FIN_URX_ESTAT_M,SWE_URX_ESTAT_M,ISL_URX_ESTAT_M,NOR_URX_ESTAT_M,CHE_URX_ESTAT_M,GBR_URX_ESTAT_M,BIH_URX_ESTAT_M,MKD_URX_ESTAT_M,TUR_URX_ESTAT_M,USA_URX_ESTAT_M,JPN_URX_ESTAT_M
2000-01,7.3,14.3,9.3,5,8.2,NA,4.9,11.5,12.8,9.8,14.7,10.6,4.6,14.4,15.6,2.3,6.6,6.9,3.9,4.3,15.5,5.6,7.4,6.8,18.3,10.1,6.2,NA,3.4,NA,5.7,NA,NA,NA,4,4.7
2000-02,7.1,14.7,9.2,4.6,8.1,14.9,4.8,11.6,12.4,9.6,14.8,10.6,4.8,14.3,15.6,2.3,6.6,6.9,3.9,4.3,15.8,5.4,7.4,6.8,18.5,10.2,6.1,NA,3.4,NA,5.7,NA,NA,NA,4.1,4.9
2000-03,6.9,15.2,9.3,4.4,8.1,14.2,4.7,11.6,12.2,9.5,15,10.5,5.1,14.3,15.7,2.3,6.5,6.9,3.8,4.1,16.1,5.3,7.3,6.8,18.7,10.2,5.9,NA,3.3,NA,5.6,NA,NA,NA,4,4.9
2000-04,6.9,15.7,9.1,4.4,8,14.5,4.7,11.5,12,9.4,15.3,10.3,5.4,14.3,16.2,2.3,6.5,6.8,3.8,3.8,16.2,5.2,7.5,7.1,18.9,10,5.9,NA,3.2,NA,5.6,NA,NA,NA,3.8,4.8
2000-05,6.8,16,8.9,4.5,8,13.9,4.6,11.5,11.9,9.3,15.5,10.3,5.3,14.4,16.5,2.3,6.4,6.7,3.7,3.7,16.3,5.3,7.6,7.2,19.2,9.8,5.6,NA,3,NA,5.5,NA,NA,NA,4,4.6
2000-06,6.7,16.3,8.6,4.4,8,14,4.5,11.4,11.9,9.2,15.6,10.2,4.8,14.4,16.8,2.3,6.3,6.6,3.7,3.6,16.1,5.2,7.7,7.2,19.4,9.6,5.8,NA,3,NA,5.3,NA,NA,NA,4,4.7
2000-07,6.8,16.8,8.7,4.2,7.9,13.9,4.4,11.3,11.9,9.1,15.8,10,4.6,14.3,17,2.2,6.2,6.6,3.6,3.8,16,5.3,7.7,7,19.7,9.6,5.6,NA,3.1,NA,5.2,NA,NA,NA,4,4.7
2000-08,7,17.2,8.5,4.1,7.9,14.3,4.2,11.2,11.8,9,16,10,4.7,14.4,17,2.2,6.1,6.6,3.6,3.8,15.9,5.4,7.7,6.8,18.6,9.6,5.5,NA,3.3,NA,5.3,NA,NA,NA,4.1,4.6
2000-09,6.9,17.5,8.3,4,7.9,14.2,4.1,11.2,11.7,8.9,16.1,9.9,4.8,14.4,16.9,2.2,6,6.6,3.5,3.9,16,5.4,7.8,6.6,18.6,9.6,5.2,NA,3.3,NA,5.3,NA,NA,NA,3.9,4.7
2000-10,6.8,17.7,8.4,4,7.8,14.1,3.9,10.6,11.7,8.8,16.3,9.6,4.8,14.5,16.5,2.1,6,6.6,3.4,3.8,16.2,5.2,7.8,6.3,18.8,9.5,5.2,NA,3.2,NA,5.2,NA,NA,NA,3.9,4.7
2000-11,6.7,17.9,8.6,4.1,7.8,14.4,3.9,10.7,11.5,8.8,16.5,9.6,4.7,14.5,16.5,2.1,5.9,6.7,3.4,3.8,16.5,5,7.7,6.2,19,9.4,5.2,NA,3.3,NA,5.1,NA,NA,NA,3.9,4.7
2000-12,6.4,18.1,8.2,4.1,7.7,14.3,3.9,10.6,11.2,8.7,16.4,9.6,4.6,14.3,16.8,2,5.8,6.9,3.3,3.7,16.8,5,7.6,6.2,19.1,9.3,4.9,NA,3.4,NA,5.1,NA,NA,NA,3.9,4.8
2001-01,6.1,18.5,8.3,4.3,7.7,14.4,4,10.5,10.8,8.6,16.3,9.4,4.2,14.1,17.6,1.9,5.7,7,3.2,3.6,17.1,5.1,7.5,6.1,19.4,9.4,6.1,NA,3.4,NA,5.1,NA,NA,NA,4.2,4.8
2001-02,6,18.8,8.3,4.4,7.7,13.9,4,10.5,10.7,8.6,16.3,9.4,3.8,13.8,17.8,1.9,5.7,7.1,3.2,3.6,17.4,5.3,7.4,6,19.3,9.4,6,NA,3.4,NA,5,NA,NA,NA,4.2,4.7
2001-03,6.1,19.2,8.1,4.4,7.6,14,3.9,10.5,10.5,8.5,16.1,9.3,3.7,13.5,17.8,1.9,5.6,7.3,3.2,3.7,17.7,5.4,7.3,6.1,19.4,9,5.9,NA,3.2,NA,4.8,NA,NA,NA,4.3,4.8
2001-04,6.5,19.9,8.3,4.3,7.6,14.2,3.9,10.7,10.4,8.5,16.1,9.2,4,13.2,17.7,1.9,5.6,7.5,3.1,3.9,18.1,5.4,7.2,6,19.6,9.2,5.8,NA,3.2,NA,4.7,NA,NA,NA,4.4,4.8
2001-05,6.6,20.1,8.1,4.3,7.7,13.6,4,10.7,10.6,8.5,15.9,9.1,4.3,13.1,17.6,1.8,5.6,7.7,3.1,4,18.4,5.4,7.2,5.9,19.5,9.1,5.9,NA,3.2,NA,4.9,NA,NA,NA,4.3,4.9
2001-06,6.4,20.1,8,4.4,7.7,12.9,4.1,10.7,10.5,8.5,15.8,9.1,4.2,13,17.3,1.8,5.6,7.7,3.1,4.1,18.5,5.4,7.2,5.9,19.5,9,5.9,NA,3.4,NA,5,NA,NA,NA,4.5,5
2001-07,6.1,20,8.1,4.5,7.8,13.1,4.3,10.7,10.5,8.4,15.9,9.1,3.8,13.1,16.9,1.8,5.6,7.8,3.1,4.1,18.4,5.5,7.2,5.9,19.4,8.8,6,NA,3.4,NA,5.1,NA,NA,NA,4.6,5
2001-08,6.2,19.9,8.4,4.7,7.8,12.6,4.4,10.6,10.6,8.4,15.8,9,3.7,13.1,16.7,1.9,5.5,7.8,3.1,4.1,18.4,5.4,7.3,6,19.5,8.9,6,NA,3.4,NA,5,NA,NA,NA,4.9,5.1
2001-09,6.6,19.8,8.2,4.7,7.9,12.7,4.4,10.6,10.5,8.4,15.8,9,3.8,13.2,16.8,1.9,5.5,7.8,3.1,4.1,18.6,5.4,7.4,6.3,19.5,9.5,6,NA,3.6,NA,5,NA,NA,NA,5,5.3
2001-10,7.3,19.7,7.7,4.7,8,11.6,4.4,10.9,10.5,8.4,15.7,8.9,4,14.3,17.6,2,5.5,7.8,3.1,4.2,18.8,5.4,7.5,6.5,19.6,9,6.3,NA,3.7,NA,5,NA,NA,NA,5.3,5.3
2001-11,7.4,19.9,8,4.7,8,11.9,4.5,10.9,10.6,8.4,15.6,8.9,3.9,14,17.6,2,5.5,7.9,3.1,4.3,19.1,5.4,7.7,6.8,19.5,9.4,5.9,NA,3.6,NA,5.1,NA,NA,NA,5.5,5.4
2001-12,7.5,19.8,8,4.7,8.1,11.5,4.4,10.8,10.7,8.3,15.8,8.8,3.6,13.3,17.3,2,5.5,7.9,3.2,4.4,19.2,5.4,8.1,6.8,19.3,8.9,6,NA,3.6,NA,5.1,NA,NA,NA,5.7,5.4
2002-01,7.4,19.4,7.3,4.6,8.1,11.6,4.4,10.7,11.1,8.2,15.8,8.6,3.3,12.7,16.7,2.2,5.5,7.8,3.2,4.5,19.4,5.6,8.4,6.7,19.1,9.4,5.9,NA,3.6,NA,5,NA,NA,NA,5.7,5.2
2002-02,7.3,19.3,7.6,4.4,8.2,11.6,4.5,10.7,11.5,8.2,15.8,8.5,3.1,12.5,16,2.2,5.5,7.7,3.3,4.5,19.4,5.6,8.5,6.6,19,9,5.9,NA,3.8,NA,5.1,NA,NA,NA,5.7,5.3
2002-03,7.3,18.9,7.5,4.3,8.2,11.2,4.7,10.7,11.2,8.2,15.8,8.5,3,12.8,15.1,2.2,5.5,7.5,3.4,4.5,19.6,5.7,8.7,6.4,18.9,8.9,6,NA,3.7,NA,5.2,NA,NA,NA,5.7,5.3
2002-04,7.3,18.7,6.9,4.3,8.3,10.7,4.6,10.3,11.2,8.2,15.6,8.9,3.5,13.6,14.1,2.3,5.5,7.2,3.4,4.3,19.9,5.8,8.8,6.3,18.9,9.2,6.1,NA,3.8,NA,5.2,NA,NA,NA,5.9,5.3
2002-05,7.3,18.5,7.3,4.4,8.4,10.5,4.7,10.3,11.2,8.2,15.5,8.8,3.6,13.7,13.3,2.4,5.5,6.9,3.5,4.2,19.8,6.2,8.7,6.3,19,9.5,5.9,NA,3.7,NA,5.1,NA,NA,NA,5.8,5.4
2002-06,7.3,18.3,7.3,4.5,8.5,11.2,4.6,10.3,11.4,8.2,15.5,8.8,3.4,13.1,13,2.5,5.6,6.7,3.6,4.2,20.2,6.4,8.7,6.1,18.9,8.7,5.8,NA,3.5,NA,5.1,NA,NA,NA,5.8,5.5
2002-07,7.5,18.3,6.9,4.8,8.6,11.4,4.4,10.3,11.7,8.3,15.3,8.6,3.3,11.7,12.9,2.6,5.6,6.6,3.7,4.3,20.4,6.6,8.7,6.1,18.8,9.1,6.2,NA,3.4,NA,5.2,NA,NA,NA,5.8,5.4
2002-08,7.4,18.3,7.4,5,8.7,11.2,4.4,10.2,11.8,8.3,15.2,8.6,3.4,11.3,12.9,2.7,5.6,6.6,3.8,4.4,20.5,6.6,8.5,6.3,18.8,9.2,6,NA,3.6,NA,5.2,NA,NA,NA,5.7,5.5
2002-09,7.6,18.1,7.3,5,8.9,11.3,4.7,10.2,11.7,8.3,15,8.6,3.8,11.4,12.9,2.7,5.7,6.6,3.9,4.5,20.5,6.8,8.2,6.3,18.7,9,6.3,NA,3.7,NA,5.2,NA,NA,NA,5.7,5.4
2002-10,7.8,17.8,7,4.9,9,11.8,5.1,10,11.6,8.3,14.7,8.5,4,12.1,12.9,2.9,5.7,6.8,4,4.4,20.4,7.3,7.8,6.2,18.7,9.2,6.2,NA,3.8,NA,5.1,NA,NA,NA,5.7,5.4
2002-11,8,16.9,7.5,4.8,9.1,11.5,5.4,10,11.6,8.4,14.5,8.5,3.9,12.5,12.8,3,5.7,7,4.1,4.4,20.3,7.5,7.6,6.4,18.6,8.8,6.3,NA,3.8,NA,5.1,NA,NA,NA,5.9,5.2
2002-12,8.1,15.9,7.4,4.7,9.2,11.9,5.3,10,11.6,8.5,14.4,8.4,3.9,12.3,12.7,3.1,5.7,6.7,4.2,4.5,20.1,7.5,7.5,6.4,18.5,9,6.4,NA,3.8,NA,5,NA,NA,NA,6,5.4
2003-01,8.1,15.6,7.1,4.8,9.4,11.4,5,9.8,11.7,8.2,14.2,8.8,3.5,11.6,12.4,3.2,5.7,6.7,5.3,4.5,19.9,7.6,7.5,6.5,18.2,9.1,6.5,3.8,3.9,NA,5.1,NA,NA,NA,5.8,5.4
2003-02,8.1,14.9,7.3,5,9.5,11.2,4.8,9.7,11.7,8.3,14.1,8.7,3.5,11.3,12.4,3.3,5.7,6.6,5.4,4.5,19.8,7.6,7.6,6.7,18,8.6,6.1,3.7,4,NA,5.1,NA,NA,NA,5.9,5.2
2003-03,8.1,14.6,7.6,5.2,9.6,11.1,4.7,9.7,11.6,8.4,14.1,8.7,3.7,11.3,12.6,3.4,5.7,6.8,5.6,4.6,19.6,7.7,7.8,6.8,17.8,9.2,6.5,3.6,4,NA,5,NA,NA,NA,5.9,5.4
2003-04,8.1,14.3,7.5,5.4,9.7,10.8,4.7,9.7,11.4,8.5,14.1,8.4,4.3,11.4,12.9,3.5,5.8,7.1,5.7,4.7,19.5,7.8,7.8,6.8,17.4,9.4,6.5,3.6,4.2,NA,4.9,NA,NA,NA,6,5.5
2003-05,8.1,14.2,7.8,5.6,9.7,11.1,4.7,9.7,11.3,8.5,14,8.5,4.3,11.7,13.1,3.6,5.8,7.4,5.8,4.8,19.5,8,7.7,6.8,17.3,9.1,6.4,3.5,4.2,NA,4.9,NA,NA,NA,6.1,5.4
2003-06,8.1,13.9,7.7,5.6,9.8,11,4.9,9.7,11.5,8.5,14.1,8.5,4.2,12.1,13,3.7,5.8,7.6,5.9,4.9,19.7,8,7.7,6.8,17.3,9.4,6.5,3.5,4.3,NA,5,NA,NA,NA,6.3,5.4
2003-07,8.1,13.6,8,5.4,9.8,10.5,5,9.7,11.6,8.5,14,8.4,4.1,12.4,12.7,3.8,5.7,8.4,6,4.8,19.9,7.8,7.6,6.8,17.4,9,6.6,3.4,4.3,NA,5,NA,NA,NA,6.2,5.2
2003-08,8.1,13.3,7.9,5.4,9.8,10.1,5,9.7,11.5,8.3,13.9,8.4,4.1,12.4,12.4,3.9,5.7,8.5,6.1,4.8,20,7.8,7.7,6.8,17.6,8.7,7,3.4,4.4,NA,5,NA,NA,NA,6.1,5.1
2003-09,8.2,13,8,5.5,9.8,9.1,5,9.7,11.5,8.6,13.9,8.4,4.3,12.1,12.2,4.1,5.7,8.2,6.2,4.8,19.9,7.9,7.6,6.8,17.5,9,6.7,3.4,4.4,NA,4.9,NA,NA,NA,6.1,5.2
2003-10,8.3,12.7,8.1,5.7,9.8,9.3,4.8,9.9,11.4,8.7,13.9,8.2,4.6,11.3,12,4.2,5.7,8.2,6.2,4.9,19.8,8,7.8,6.6,17.6,9,7,3.4,4.3,NA,4.9,NA,NA,NA,6,5.1
2003-11,8.3,12.7,8.1,5.8,9.8,9.4,4.7,9.9,11.3,8.8,14.1,8.2,4.4,11,11.9,4.3,5.7,7.9,6.4,5,19.7,7.9,8.2,6.5,17.9,8.9,7.4,3.4,4.3,NA,4.9,NA,NA,NA,5.8,5.1
2003-12,8.5,12.7,8.2,5.8,9.8,10.4,4.8,9.9,11.4,9,14.1,8.2,4.3,11.1,11.7,4.4,5.7,7.5,6.5,5.2,19.8,7.7,8.3,6.5,18.4,9,7.2,3.4,4.4,NA,4.8,NA,NA,NA,5.7,4.9
2004-01,8.7,12.8,8.5,5.8,9.8,10.6,5.1,11.2,11.3,8.9,14,8.3,4,11.7,11.6,4.6,5.7,7.5,6.5,6.1,20,7.5,8.9,6.5,18.7,9,7,3.4,4.2,NA,4.7,NA,NA,NA,5.7,4.9
2004-02,8.6,12.8,8.8,5.7,10.1,10,5.2,10.5,11.2,8.9,14.1,8,3.8,12,11.4,4.7,5.8,7.3,6.6,6,19.9,7.6,7.3,6.5,19,8.7,7.6,3.4,4.2,NA,4.7,NA,NA,NA,5.6,5
2004-03,8.3,12.7,8.1,5.5,10.3,9.7,5.1,10.7,11.1,8.9,14.1,8.3,4,11.9,11.2,4.9,5.8,7,6.7,5.9,19.8,7.6,7.7,6.5,19,8.9,7.6,3.4,4.1,NA,4.7,NA,NA,NA,5.8,4.8
2004-04,7.7,12.6,8.3,5.5,10.3,9.6,4.8,10.7,11.2,8.8,14,8.2,4.5,11.5,11,5,5.8,7.1,6.9,6.1,19.5,7.8,8,6.4,19.1,9.5,7.3,3.4,4.2,NA,4.7,NA,NA,NA,5.6,4.8
2004-05,7.6,12.3,8.7,5.4,10.3,9.9,4.7,10.6,11.2,8.8,13.9,8.1,4.5,11.4,10.9,5,5.9,7.1,7,5.7,19.3,8.1,7.6,6.4,18.8,9.5,7.8,3.3,4.2,NA,4.7,NA,NA,NA,5.6,4.7
2004-06,8,12,8.1,5.5,10.3,9.7,4.5,10.6,11.2,8.8,13.9,7.8,4.6,11.3,10.8,5,6,7.3,6.9,5.6,19.2,8.3,7.9,6.2,18.5,8.6,7.6,3.3,4.3,NA,4.7,NA,NA,NA,5.6,4.7
2004-07,8.6,11.6,8,5.6,10.3,10,4.5,10.7,11,8.8,13.8,7.8,4.6,11.4,10.8,5.1,6.1,7.5,6.8,5.5,19,8.2,7.9,6.1,18.2,8.9,7.3,3.3,4.3,NA,4.6,NA,NA,NA,5.5,4.9
2004-08,9,11.5,8.3,5.6,10.4,10.4,4.4,10.7,11,8.9,13.8,7.7,4.7,11.7,10.8,5.1,6.2,7.4,6.7,5.7,18.9,8.5,8.2,6.2,18,9,7.4,3.3,4.4,NA,4.6,NA,NA,NA,5.4,4.8
2004-09,9,11.5,8.2,5.6,10.4,10.2,4.6,10.5,10.9,8.9,13.7,8.1,5,12,10.7,5.1,6.2,7.4,6.7,6.1,18.7,8.6,8,6.2,17.9,8,8,3.3,4.4,NA,4.6,NA,NA,NA,5.4,4.6
2004-10,8.6,11.8,8.6,5.4,10.5,10.3,4.7,10.4,10.7,8.9,13.7,8,5.1,12.1,10.7,4.9,6.4,7,6.8,6.2,18.6,8.5,7.9,6.3,17.8,8.6,7.3,3.2,4.4,NA,4.7,NA,NA,NA,5.5,4.6
2004-11,8.3,11.7,8.4,5.3,10.6,9.5,4.7,10.4,10.6,9,13.6,8.1,5.3,12.1,10.5,5,6.4,6.8,6.8,5.7,18.4,8.5,8,6.2,17.7,8.7,7.7,3.2,4.4,NA,4.7,NA,NA,NA,5.4,4.5
2004-12,8.2,11.5,7.7,5.3,10.7,9.5,4.7,10.2,10.3,8.9,13.6,7.9,5.3,11.8,10.3,4.9,6.5,6.8,7,5.9,18.3,8.7,8,6.4,17.6,8.4,7.6,3.1,4.4,NA,4.7,NA,NA,NA,5.4,4.5
2005-01,8.3,11.2,8.2,5.3,10.7,9.2,4.4,10,10.1,8.7,13.6,7.8,4.9,11.5,9.8,4.7,6.6,6.7,7,5.7,18.1,8.7,7.8,6.4,17.3,9.3,7.9,3.1,4.5,NA,4.7,NA,NA,9.3,5.3,4.5
2005-02,8.5,10.9,8.3,5.2,10.9,9.3,4.3,9.8,9.9,8.6,13.6,8,5,11.1,9.5,4.8,6.8,6.9,7.2,5.8,18.2,8.8,7.9,6.5,17.1,8.9,8.3,3.1,4.4,NA,4.6,NA,NA,9.1,5.4,4.6
2005-03,8.6,10.6,7.8,5.2,10.9,8.6,4.6,10,9.7,8.6,13.5,7.9,5.2,10.8,9.3,4.7,6.9,7.2,7.1,5.9,18.3,9,7.9,6.4,17,7.9,7.5,3,4.6,NA,4.6,NA,NA,9.3,5.2,4.5
2005-04,8.4,10.4,8,5.2,11.2,8.3,4.8,10,9.7,8.7,13.3,7.9,5.4,10.3,9.3,4.7,7.1,7.4,7.1,5.8,18.4,9.1,7.2,6.1,16.7,8.9,7.7,3,4.6,NA,4.7,NA,NA,9.5,5.2,4.5
2005-05,8.6,10.1,8,5,11.2,8,4.9,10,9.4,8.8,13.2,7.6,5.8,10.1,9,4.7,7.2,7.3,7.2,6.3,18.4,9.1,7.4,6,16.6,8.1,8.1,3,4.6,NA,4.7,NA,NA,9.7,5.1,4.5
2005-06,8.5,9.9,7.9,5,11.2,7.9,4.9,10.2,9.1,8.9,13.1,7.9,5.8,10,8.6,4.6,7.2,7,7,6.2,18.4,9.2,7.3,6,16.3,8.3,8.3,3,4.6,NA,4.6,NA,NA,9.6,5,4.3
2005-07,8.5,9.7,7.8,5,11.2,7.7,4.8,10.3,8.8,8.9,13,7.6,5.2,10,8.1,4.5,7.3,6.7,7,6.1,18.2,9.5,6.7,6.3,16.1,8.4,8.2,3,4.7,NA,4.6,NA,NA,9.5,5,4.4
2005-08,8.5,9.7,7.8,4.7,11.2,7.6,4.7,10.2,8.6,9,12.8,7.5,5.3,9.9,7.7,4.5,7.4,6.5,6.9,5.8,18,9.5,6.6,6.5,16,8.1,8,2.9,4.6,NA,4.6,NA,NA,9.4,4.9,4.3
2005-09,8.5,9.7,7.8,4.5,11.1,7.8,4.6,10.4,8.5,9,12.7,7.9,5.3,9.7,7.4,4.6,7.4,6.6,6.9,6.2,17.8,9.5,6.5,6.9,16.1,7.9,7.6,2.9,4.5,NA,4.9,NA,NA,9.6,5,4.2
2005-10,8.4,9.9,7.9,4.3,11,7.6,4.5,10.1,8.6,9.1,12.6,7.9,5.2,9.2,7.2,4.6,7.4,6.7,6.9,6.1,17.5,9.5,6.8,7.1,16,7.8,8.1,3,4.5,NA,5.1,NA,NA,9.7,5,4.4
2005-11,8.4,9.8,7.8,4.1,10.9,7.2,4.5,9.6,8.7,9.1,12.6,7.6,5.2,8.8,7,4.6,7.4,6.9,6.8,6.2,17.1,9.5,6.8,7.2,15.7,8.5,7.4,2.9,4.4,NA,5.1,NA,NA,9.7,5,4.5
2005-12,8.5,9.7,7.8,4.1,10.7,6.8,4.6,9.6,8.8,9.1,12.5,7.6,5.2,8.6,6.9,4.7,7.4,7.3,6.8,6.1,16.6,9.3,6.6,7,15.4,8.4,7.9,2.9,4.3,NA,5.1,NA,NA,9.7,4.9,4.4
2006-01,8.5,9.5,7.9,4.1,10.6,6.6,4.7,9.2,8.8,9.2,12.4,7.4,5.4,8.5,6.7,4.5,7.5,7.3,6.5,6,16,9.2,7,6.7,15,8.3,7.9,2.9,4.2,NA,5.1,NA,35.8,9.6,4.7,4.4
2006-02,8.6,9.2,7.3,4.2,10.5,6.2,4.7,9.5,8.7,9.2,12.2,7.4,5.2,8.3,6.4,4.5,7.3,7.2,6.5,6,15.4,9.1,7.2,6.5,14.6,8,7.2,3,4.2,NA,5.2,NA,35.8,9.6,4.8,4.1
2006-03,8.6,9.1,8,4.2,10.5,6.3,4.7,9,8.7,9.1,12.1,7.2,5,8,6.2,4.7,7.3,7.3,6.3,6.2,15.1,9.1,7,6.4,14.3,7.7,7.6,3,3.9,NA,5.3,NA,35.7,9.3,4.7,4.1
2006-04,8.7,9,7.2,4.2,10.3,6,4.7,9.1,8.6,9,12,7.1,4.6,7.4,5.9,4.6,7.2,7.2,6.2,5.7,14.7,9.1,7,6.3,14,7.7,7.9,3.1,3.9,NA,5.4,NA,35.9,9.3,4.7,4.1
2006-05,8.8,9.1,7,4.1,10.2,6.4,4.7,9.2,8.5,8.9,11.8,7,4.6,6.9,5.8,4.5,7.3,7,6.2,5.4,14.4,9.1,7,6.2,13.7,7.9,7.3,3.1,3.8,NA,5.4,NA,36.1,8.8,4.6,4.1
2006-06,8.5,9.2,7.5,4,10.1,6.2,4.8,9.2,8.4,8.9,11.7,6.7,4.4,6.5,5.8,4.5,7.5,6.9,6,6,14,9.1,6.9,6,13.4,7.7,7.1,3.2,3.8,NA,5.4,NA,34.3,9,4.6,4.2
2006-07,8,9.3,7,3.8,10,6,5,8.7,8.3,9,11.4,6.6,4.1,6.4,5.9,4.5,7.5,6.8,6,5.5,13.8,9.2,7.5,5.9,13.3,7.6,7.1,3.2,3.4,NA,5.4,NA,34.3,9,4.7,4.1
2006-08,7.8,9.3,6.8,3.7,9.9,5.8,5.1,8.9,8.3,9,11.4,6.7,4.1,6.3,5.8,4.6,7.6,6.7,5.9,5.2,13.5,9.2,7.3,5.7,13.1,7.7,7.2,3.1,3.6,NA,5.4,NA,36.7,9,4.7,4.1
2006-09,7.9,9,7.2,3.6,9.8,5.6,4.9,9,8.2,8.7,11.4,6.7,4.2,6.3,5.6,4.7,7.6,6.5,5.9,5.2,13.2,9.6,7.6,5.6,12.8,7.6,6.7,3.1,3.3,NA,5.4,NA,36.6,8.8,4.5,4.1
2006-10,7.9,8.6,6.6,3.5,9.7,5.8,4.6,8.4,8.2,8.5,11.2,6.7,4.4,6.4,5.3,4.6,7.7,6,5.9,5.2,12.9,9.7,7,5.5,12.6,7.7,6.7,3,2.8,NA,5.4,NA,36.3,8.7,4.4,4.1
2006-11,8,8.5,6.6,3.6,9.6,5.4,4.6,8.9,8.3,8.3,11,6.6,4.3,6.5,5,4.6,7.6,6.1,5.9,5.3,12.4,9.7,7.1,5.5,12.4,7.3,6.7,3,3.1,NA,5.4,NA,36.3,8.7,4.5,4
2006-12,7.9,8.2,6.6,3.8,9.4,5.1,4.7,9,8.3,8.3,10.9,6.3,4.4,6.7,5,4.6,7.4,6.5,5.8,5.5,11.9,9.7,7.2,5.4,12.1,7.1,6.6,2.9,3,NA,5.4,NA,36.2,8.9,4.4,4
2007-01,7.8,7.9,6,4.1,9.2,5,4.8,8.4,8.3,8.5,10.5,6.3,4.4,6.9,4.3,4.4,7.1,7.1,5.7,5.1,11.3,9.7,6.5,5.4,11.7,7.2,6.5,2.8,3,NA,5.5,NA,35.8,8.8,4.6,4
2007-02,7.8,7.5,5.8,3.9,9.1,4.9,4.9,8.6,8.2,8.5,10.4,6.1,4.2,6.9,4.4,4.4,7.1,7.3,5.7,5.5,10.7,9.8,6.6,5.3,11.4,7.2,6.3,2.8,2.8,NA,5.5,NA,35.7,9,4.5,4
2007-03,7.9,7.3,5.7,3.7,8.9,5.1,5,8.9,8.1,8.4,10.2,6.1,3.9,6.7,4.4,4.3,7.2,7.2,5.5,5.1,10.3,9.7,6.5,5.1,11.2,7.1,6.6,2.7,2.8,NA,5.5,NA,35,8.9,4.4,4
2007-04,8.2,7.1,5.5,3.5,8.7,4.9,5,8.5,8,8.2,10,5.8,3.8,6.3,4.4,4.2,7.2,6.6,5.3,5.6,10,9.9,6.7,4.9,11.3,6.5,6.2,2.7,2.7,NA,5.4,NA,34.9,9.2,4.5,3.8
2007-05,8.1,7,5.4,3.6,8.6,4.9,5,8.4,7.9,8.1,9.9,6.2,3.8,6.1,4.3,4.1,7.1,6.3,5.3,5.7,9.7,9.8,6.5,4.8,11.3,6.6,6,2.7,2.6,NA,5.3,NA,35,9.2,4.4,3.8
2007-06,7.7,6.9,5.4,3.7,8.5,4.7,5,8.6,8,8,9.9,6,3.6,5.9,4.3,4.1,7.1,6.2,5.2,5,9.5,9.6,6.6,4.8,11.4,6.9,6.3,2.7,2.5,NA,5.2,NA,34.9,9.2,4.6,3.7
2007-07,7.3,7,5.3,4,8.5,4.2,4.9,8.4,8.1,8.1,10.4,6.3,4,6,4.3,4,7.3,6.2,5.3,5.6,9.4,9.7,6.4,4.7,11.5,6.8,5.9,2.7,2.9,NA,5.3,NA,34.7,9.1,4.7,3.6
2007-08,7,6.9,5,4,8.4,4.1,4.9,8.3,8.3,8,10.3,6.2,4.2,5.9,4.2,4.1,7.3,6.4,5.2,5.4,9.3,9.6,6.2,4.6,11.5,6.8,6.1,2.7,2.7,NA,5.3,NA,34.6,9.2,4.6,3.7
2007-09,6.9,6.7,5.1,4.1,8.4,4,4.9,8.7,8.3,7.9,9.6,6.2,3.9,5.7,4.2,4,7.5,6.4,5.2,4.8,9.2,9.4,6.2,4.5,11.3,7.1,6.2,2.7,2.4,NA,5.2,NA,34.4,9.3,4.7,3.9
2007-10,7,6.4,5.1,3.7,8.3,4,5.1,8.3,8.4,7.7,9.4,6.3,4,5.3,4.1,4.1,7.6,6.1,5.1,5.1,8.9,9.4,6,4.6,10.9,6.6,6.3,2.7,2.8,NA,5.1,NA,34,9.5,4.7,4
2007-11,7.1,6.1,4.8,3.7,8.2,4,5.2,7.7,8.6,7.5,9.4,6.3,3.7,5.3,4,4.2,7.9,6,5.1,4.9,8.7,9.3,6,4.7,10.6,6.7,6.1,2.7,2.6,NA,5,NA,35.1,9.4,4.7,3.8
2007-12,7.1,6.1,4.9,3.3,8.1,4.1,5.3,8.2,8.8,7.3,9.3,6.7,3.8,5.6,4.1,4.2,8,5.8,5,4.5,8.3,9.2,6,4.7,10.5,6.6,6.1,2.8,2.6,NA,5,NA,34.7,9.3,5,3.7
2008-01,7.1,6.1,4.7,3.2,8,4.3,5.3,7.5,9.1,7.2,9.1,6.7,3.9,6.3,4.2,4.3,7.8,6.1,5,4.6,7.8,9,5.6,4.8,10.4,6.5,6,2.8,2.8,NA,5.1,NA,34.4,9.3,5,3.9
2008-02,6.9,6.1,4.6,3.5,7.9,4.4,5.3,7.6,9.3,7,9,6.7,3.9,6.6,4.2,4.4,7.6,6,4.7,4.6,7.5,8.9,5.5,4.7,10.3,6.1,5.9,2.9,2.6,NA,5.1,NA,34.1,9.5,4.9,4
2008-03,6.7,5.9,4.3,3.6,7.8,4.3,5.5,8.2,9.5,7.1,8.8,6.4,3.8,6.6,4.1,4.4,7.5,5.9,4.7,4.4,7.3,9,5.6,4.6,10.2,6.4,5.9,2.9,2.6,NA,5.2,NA,34.1,9.4,5.1,3.8
2008-04,6.5,5.9,4.4,3.2,7.7,4.5,5.6,7.7,10,7.3,8.7,6.8,3.5,6.3,4.1,4.7,7.6,5.8,4.8,4.2,7.2,9,5.5,4.4,10.2,5.7,5.7,2.9,2.6,NA,5.1,NA,33.9,9.2,5,3.9
2008-05,6.5,5.9,4.2,3.5,7.5,3.9,5.9,7.3,10.4,7.3,8.7,6.8,3.4,6.4,4.3,4.8,7.7,5.8,4.8,4.1,7.2,9.1,5.7,4.4,10.2,6.4,5.9,3,2.7,NA,5.3,NA,34,9.2,5.4,4
2008-06,6.9,5.7,4.5,3.7,7.4,4.2,6.3,7.9,10.8,7.4,8.6,6.9,3.5,6.5,4.8,4.9,7.6,5.9,4.8,4,7,9.3,5.7,4.3,9.9,6.4,6.7,3.1,3,NA,5.4,NA,34,9.6,5.6,4
2008-07,7.5,5.6,4.3,3.7,7.3,5.2,6.9,7.6,11.1,7.5,8.6,6.6,3.6,7,5.6,4.9,7.6,5.9,4.7,4.3,6.9,9.2,5.5,4.3,9.4,6.1,6.3,3.3,3,NA,5.7,NA,33.9,9.9,5.8,3.9
2008-08,7.6,5.5,4.1,3.8,7.1,6.3,7.4,7.7,11.5,7.5,8.5,6.8,3.5,7.6,6.4,5.1,7.8,6.1,4.7,4.5,6.8,9.4,5.5,4.3,9,6.4,6,3.4,2.8,NA,5.8,NA,33.7,9.8,6.1,4.1
2008-09,7.4,5.3,4.4,3.8,7,6.8,7.8,8.1,12,7.5,8.4,6.8,3.8,8.5,7.1,5.2,7.9,6,4.8,4.2,6.7,9.4,5.5,4.2,8.8,6.7,6.5,3.6,3.2,NA,5.9,NA,33.5,10.2,6.1,4
2008-10,6.9,5.1,4.1,3.6,7,6.9,8.1,7.7,12.9,7.6,8.3,7,3.8,9.5,7.7,5.2,8,6.1,4.7,4.3,6.6,9.3,5.7,4.2,8.7,6.3,6.4,3.8,3.2,NA,6.1,NA,33,10.6,6.5,3.8
2008-11,6.7,5,4.5,4.6,7,7.6,8.5,7.8,13.8,7.8,8.3,7.1,3.5,10.6,8.3,5.2,8.2,6.3,4.7,4.8,6.8,9.3,5.5,4.3,8.9,6.7,7.1,6.2,3.1,NA,6.3,NA,32.8,11.5,6.8,4
2008-12,6.9,5.3,4.8,4.2,7.1,9.3,9,8.5,14.8,8,8.3,6.8,3.7,11.6,9,5.2,8.4,6.1,4.8,5,7,9.8,5.8,4.3,9.1,6.7,6.9,6.5,3.5,NA,6.5,NA,32.6,12,7.3,4.4
2009-01,7.8,6.9,5.3,5.4,7.1,10.3,10.1,9,15.9,8.3,8.4,7.3,3.8,12.7,9.8,5.4,8.6,6.4,4.8,5.1,7.4,10,7.9,4.8,9.9,6.9,6.9,7,3.2,NA,6.7,NA,32.4,12.6,7.8,4.3
2009-02,7.9,7,5.7,5,7.2,11,10.9,9.2,16.8,8.6,8.6,7.4,4,13.9,10.7,5.4,8.8,6.5,4.9,4.9,7.5,10.2,8.3,5,10.3,7.5,7.8,7.4,3.3,NA,7.1,NA,32.4,13,8.3,4.6
2009-03,7.9,7.1,5.8,5.4,7.3,12.1,11.6,9.1,17.5,8.9,8.8,7.7,4.6,14.9,11.6,5.4,9.3,6.6,5,5.4,7.7,10.6,8.1,5.2,10.8,7.6,7.9,7.7,3.2,NA,7.3,NA,32.4,13.7,8.7,4.8
2009-04,7.9,7.2,6.3,6.2,7.4,12.6,12.2,9.5,17.8,9.1,9,7.5,5.2,16,12.6,5.3,9.4,6.9,5.2,5.7,7.8,10.8,8.1,5.4,11.2,8.2,7.9,7.9,3.5,NA,7.6,NA,32.4,14,9,5
2009-05,7.9,7.4,6.6,6,7.5,13.1,12.7,9.4,17.9,9.2,9.2,7.5,5.5,17,13.4,5.3,9.2,7.1,5.2,5.6,7.9,11,8.2,5.6,11.6,8.7,9,8.1,3.5,NA,7.8,NA,32.6,13.8,9.4,5.1
2009-06,8,7.7,6.5,7.4,7.5,13.2,12.9,9.4,17.9,9.2,9.3,7.8,5.6,17.9,14,5.3,9.5,7.1,5.3,5.9,8.1,11.3,8.2,5.9,12,8.7,8.5,8.1,3.5,NA,7.8,NA,32.8,13.4,9.5,5.2
2009-07,8,8.1,7,5.8,7.6,14.1,13,10,18,9.1,9.5,7.9,5.4,18.7,14.4,5.1,9.9,7,5.5,6.2,8.3,11.6,8.5,6.2,12.3,8.5,8.5,8.1,3.3,NA,7.8,NA,32.5,13.1,9.5,5.5
2009-08,8,8.4,7.6,7.1,7.5,14.5,13.2,10.1,18.2,9.2,9.5,7.9,5.5,19.4,14.9,5.1,10.1,6.8,5.6,5.7,8.4,11.8,8.6,6.3,12.6,8.8,8.9,8.1,3.6,NA,7.7,NA,32.6,13.2,9.6,5.4
2009-09,8,8.6,7.4,7.2,7.5,14.1,13.7,9.9,18.4,9.3,9.7,8.3,5.9,19.8,15.4,5,10.5,6.9,5.7,6.5,8.4,11.9,8.7,6.4,13.1,8.4,8.9,8.1,3.4,NA,7.8,NA,32.5,12.9,9.8,5.4
2009-10,8,8.7,7.2,7,7.4,14.9,13.8,10.3,18.6,9.5,9.9,8.3,6.2,20.2,15.9,5,10.1,6.8,5.8,5.8,8.4,11.9,8.8,6.4,13.4,9.1,8.9,8.2,3.4,NA,7.7,NA,32.5,12.5,10,5.2
2009-11,8.1,9,7.5,7.3,7.2,15.3,13.9,11,18.7,9.6,10,8.4,6.5,20.5,16.3,4.9,10.5,7.1,5.9,6.1,8.7,11.8,8.7,6.4,13.8,9.5,8.8,8.4,3.9,NA,7.7,NA,32.4,12.2,9.9,5.2
2009-12,8.4,9.5,7.4,7.5,7.2,16.8,13.8,10.2,18.9,9.5,10.2,8.5,6.5,20.7,16.6,4.8,10.4,7.3,6.1,5.4,9.1,11.9,9,6.4,14.2,8.5,9.1,8.5,3.6,NA,7.7,NA,32.3,12,9.9,5.2
2010-01,8.7,10.2,7.7,7.5,7.1,18.1,13.8,11.2,19.1,9.5,10.5,8.6,6.3,20.8,16.7,4.6,10.6,7.1,6.2,5.2,10.3,11.8,9.3,6.6,14.8,9.4,9.2,8.6,3.8,5.1,7.9,NA,32.3,12.2,9.8,5
2010-02,8.6,10.6,8,7.7,7,19.1,13.7,11.8,19.2,9.4,10.7,8.7,6.2,20.6,17.5,4.7,10.8,7.1,6.2,5.4,10.3,12.1,9.4,6.8,14.9,8.9,9,8.7,3.9,5.1,8,NA,32.2,12,9.8,5
2010-03,8.6,10.8,7.7,7.8,6.9,19.3,13.9,11.4,19.4,9.3,11,8.5,6.5,20.5,17.8,4.6,10.9,6.9,6.2,5.6,10.3,12.2,9.6,7,14.9,8.5,9,8.7,4.4,5.1,7.9,NA,32.3,12,9.9,5.1
2010-04,8.5,11,7.3,7.7,6.8,18.9,14.2,12.3,19.8,9.3,11.3,8.8,6.5,20.4,18.1,4.5,10.8,6.9,6.1,5.4,10.1,12.5,9,7.2,14.8,8.7,9.4,8.8,3.8,5,7.9,NA,32.3,11.5,9.9,5.1
2010-05,8.5,11,7.4,7.6,6.7,18.1,14.5,12.6,20,9.3,11.5,8.7,6.5,20.1,18.2,4.4,10.9,6.5,6.1,5.2,10,12.7,9,7.3,14.7,8.4,8.9,8.7,4,4.9,7.8,NA,32.3,11.2,9.6,5.1
2010-06,8.5,11.1,7.2,8,6.6,17.1,14.4,12.6,20.1,9.2,11.8,8.5,6.6,19.7,18.3,4.5,11,6.5,6.2,5.4,9.9,12.9,9,7.3,14.5,8.6,8.4,8.7,4.3,4.9,7.7,NA,32.4,10.9,9.4,5.2
2010-07,8.6,11.1,7.3,7.7,6.5,15.8,14.3,13.2,19.9,9.2,11.9,8.5,6.2,19.2,18.3,4.4,10.6,6.8,6.2,5.1,9.8,12.9,9,7.2,14.4,8.7,8.9,8.6,3.7,4.8,7.6,NA,32.1,10.7,9.4,5
2010-08,8.5,11.3,7.1,7.6,6.4,15.4,14.4,13.2,20,9.3,12.1,8.2,6.2,19,18.2,4.4,10.9,6.7,6.1,5.2,9.8,12.9,9.1,7.2,14.2,8.5,8.5,8.6,3.8,4.7,7.6,NA,32.1,11,9.5,5.1
2010-09,8.4,11.7,6.9,7.6,6.4,15,15.1,13.5,20.1,9.2,12.3,8.4,6.1,18.9,18,4.5,10.7,6.9,6,5.2,9.8,12.8,8.7,7.3,14.2,8.1,8.5,8.6,4,4.7,7.7,NA,31.8,10.9,9.5,5.1
2010-10,8.2,12.1,7.1,8.1,6.3,14.4,15.6,14.3,20.1,9.2,12.6,8.6,6.2,18.6,17.9,4.6,10.6,7,6,5,9.8,12.6,8.8,7.6,14,8.3,8.4,8.6,3.8,4.5,7.8,NA,31.4,10.7,9.4,5.1
2010-11,7.9,12.4,7,7.5,6.2,13.5,15.7,14.3,20.2,9.2,12.7,8.4,6,18.2,17.6,4.8,10.8,6.9,5.9,4.8,9.8,12.8,8.8,7.7,13.8,8.1,8.1,8.6,3.6,4.4,7.8,NA,31.3,10.2,9.8,5
2010-12,7.7,12.6,6.9,8.2,6.1,14.2,15.6,14.9,20.4,9.2,12.8,8.2,6,17.7,17.4,4.8,10.9,6.7,5.9,4.8,9.8,12.8,8.7,8,13.8,8.6,8.2,8.6,4.3,4.4,7.9,NA,31.2,10.1,9.3,4.9
2011-01,7.3,12.6,7,8,6,14.6,15.4,15.2,20.4,9.2,13,8.2,6.3,17.2,17.2,4.7,11.1,6.6,5.8,4.8,9.8,12.8,9,8,13.8,8.3,8.1,8.6,3.2,4.4,7.8,NA,31,9.9,9.1,4.8
2011-02,7.1,12.4,7,7.8,5.9,14,15.1,15.7,20.5,9.2,13,8.1,6.7,17,16.8,4.7,10.9,6.7,5.9,5.6,9.7,12.8,9,8,13.7,8.2,7.9,8.5,3.3,4.4,7.7,NA,31.1,9.6,9,4.7
2011-03,6.9,12.2,6.8,7.9,5.7,13.9,14.9,16.4,20.6,9.1,13.1,8.1,6.7,16.9,16.5,4.7,10.5,6.6,5.7,5,9.8,13.1,8.7,8.1,13.7,8.8,8,8.4,3.6,4.4,7.7,NA,31.3,9.5,9,4.7
2011-04,6.9,12.2,6.9,7.3,5.6,13,14.9,16.4,20.6,9.1,13,8,7.1,17.1,16,4.7,10.6,6.9,5.8,4.9,9.9,13.1,9.2,8,13.6,7.7,7.8,8.3,3.6,4.3,7.9,NA,31.5,9.5,9.1,4.7
2011-05,7,12.2,6.8,7.8,5.6,12.9,15,17.3,20.7,9.1,13.4,8.3,7.5,17,15.8,4.8,10.5,6.7,5.8,4.9,9.9,13.2,9,7.9,13.5,7.8,7.9,8.2,3.5,4.2,8,NA,31.7,9.6,9,4.6
2011-06,7.1,12.1,6.8,7.3,5.5,12.8,15.2,17.2,21,9.2,13.5,8.2,7.5,16.5,15.6,4.8,10.5,6.4,5.7,4.6,9.9,13.1,9,7.9,13.4,8.3,8,8,3.7,4.2,8,NA,31.8,9.5,9.1,4.7
2011-07,7.5,12,6.6,8.2,5.5,11.7,15.5,18,21.4,9.2,13.8,8.4,7.6,15.7,15.7,5,10.6,6.1,6,4.4,9.9,13.2,9.1,8,13.3,8,7.9,7.9,3.4,4.4,8.1,NA,32.1,9.2,9,4.7
2011-08,7.7,12.1,6.4,7.6,5.4,10.8,15.6,19.2,21.7,9.2,13.9,8.5,8.1,15.4,15.4,5.1,10.7,5.8,6,4.3,9.9,13.6,9.2,7.9,13.4,7.6,7.8,7.8,3.8,4.4,8.2,NA,32.2,8.8,9,4.5
2011-09,7.6,12.1,6.6,7,5.4,10.8,15.7,18.9,22.1,9.2,13.8,9,8.8,15.3,14.8,5,10.5,5.9,6.2,4.3,10,13.9,9.3,8.3,13.5,7.9,7.7,7.8,3.5,4.5,8.3,NA,31.7,8.4,9,4.2
2011-10,7.3,12.2,6.6,8.2,5.3,11.3,15.7,20.6,22.4,9.3,13.8,8.9,9.4,15.4,14,4.8,10.6,6.2,6.4,5.3,10.1,14.1,9.2,8.6,13.7,7.8,7.9,7.8,3.8,4.5,8.4,NA,31.2,8.5,8.8,4.4
2011-11,7.2,12.5,6.5,8.1,5.2,11.2,15.8,20.8,22.7,9.3,13.9,9.5,9.6,15.4,13.5,4.8,10.4,6.4,6.6,5.3,10.2,14.6,9.3,8.8,13.8,7.3,7.8,7.8,3.6,4.6,8.4,NA,31.1,8.4,8.6,4.5
2011-12,7.1,12.9,6.5,7.9,5.2,10.8,16.1,21.3,22.9,9.4,14.2,9.7,9.6,15.4,13.5,4.9,10.9,6.5,6.5,5.1,10.2,15.1,9.4,8.6,13.8,8,7.9,7.7,3.6,4.6,8.3,NA,31,8.5,8.5,4.5
2012-01,7.2,13,6.6,7.5,5.1,11,15.6,21.6,23.2,9.5,14.5,9.7,9.8,15.5,13.9,4.9,11,6.3,6.6,4.6,10.2,14.9,8.9,8.3,13.8,7.8,8,7.6,3.8,4.3,8.2,NA,31,8.4,8.3,4.5
2012-02,7.2,13.2,7.1,8.1,5.1,11.1,16.1,22.4,23.6,9.5,14.8,10.2,10,15.8,14.1,4.9,10.8,6.2,6.5,5.1,10.2,15.4,8.7,8.1,13.8,7.4,7.9,7.6,3.6,4.3,8.2,NA,31.1,8.6,8.3,4.5
2012-03,7.2,13.2,6.9,7.6,5.1,11.1,16.1,22.9,23.9,9.5,15,10.7,10.6,16.1,14,5,10.8,6.2,6.5,4.9,10.2,15.8,8.8,8,13.7,7.9,7.6,7.5,2.7,4.3,8.2,NA,31.2,8.6,8.2,4.5
2012-04,7.3,13.2,7,8.4,5.1,10.1,15.7,23.7,24.2,9.6,15.3,10.7,11.2,16.5,13.7,5,10.7,6.1,6.8,5,10.2,16.3,8.7,8.1,14,7.6,7.6,7.3,3.4,4.3,8,NA,31.3,8.5,8.2,4.5
2012-05,7.4,13.2,6.9,8.5,5.1,10,15.5,24,24.6,9.7,15.4,10.6,11.8,16.3,13.5,5.1,10.6,6.1,6.7,5.1,10.3,16.2,8.9,8.4,13.9,7.7,8.3,7.1,3.5,4.4,7.9,NA,31.4,8.3,8.2,4.4
2012-06,7.4,13.3,6.7,7.8,5.1,10,15.4,25.3,24.8,9.7,15.6,10.9,11.6,15.5,13.3,5.1,10.5,6.2,6.7,5.5,10.4,16.3,8.5,8.7,13.7,7.7,8,7,3.3,4.4,7.9,NA,31.4,8,8.2,4.3
2012-07,7.4,13.4,7,7.5,5.1,9.8,15.6,25.5,25,9.7,16,11,12.5,14.3,13.1,5,10.3,6.3,6.8,5.4,10.5,16.4,8.9,9.2,13.8,7.8,8.1,6.8,3.4,4.4,7.8,NA,31.4,8.1,8.2,4.3
2012-08,7.6,13.3,7.2,8.1,5,9.5,15.5,25.9,25.2,9.7,16.2,10.9,12.1,13.8,13.1,5,10.3,6.5,6.8,5.6,10.6,17,8.6,9.4,13.9,8.4,8.3,6.7,3.4,4.5,7.7,NA,31.3,8.2,8.1,4.2
2012-09,7.8,13.2,6.7,7.7,5,8.8,15.4,26.5,25.4,9.8,16.4,11.2,12.6,13.9,13.1,5.1,10.3,6.4,6.9,5.5,10.5,17,8.9,9.5,13.8,8,8.2,6.6,3.3,4.6,7.7,NA,31.8,8.4,7.8,4.2
2012-10,8.2,13.3,7.2,7.6,5,8.9,15.2,26.2,25.7,10,16.8,11.7,13,14.4,13.1,5.2,10.4,6.5,7,5.3,10.5,17.4,8.5,9.5,14,7.7,8.2,6.5,3.8,4.8,7.8,NA,32,8.4,7.8,4.1
2012-11,8.4,13.5,7.7,7.3,5,9,15,27.1,25.9,10.2,16.9,11.6,13.1,14.4,13.1,5.3,10.5,6.3,7.2,5.5,10.5,17.7,8.5,9.4,14.2,8.3,8.5,6.5,3.6,4.9,7.8,NA,32.5,8.6,7.7,4.1
2012-12,8.5,13.6,7,7.4,5,9.6,14.8,26.8,26,10.3,17.1,11.6,13.7,13.9,12.8,5.4,10.8,5.8,7.4,5.4,10.6,18.2,8.7,9.8,14.3,7.6,8.2,6.5,3.8,4.9,7.8,NA,33.6,8.8,7.9,4.3
2013-01,8.5,13.9,6.8,7.9,5.1,10,14.7,27.3,26.2,10.4,17.3,12.1,14.9,13.1,12.4,5.5,11.4,5.8,7.5,6,10.8,18.3,8.5,10.2,14.3,8.6,8,6.5,3.7,4.9,7.9,NA,33.9,8.8,8,4.2
2013-02,8.5,14.1,7.5,7.2,5.1,9.7,14.6,27.3,26.4,10.4,17.3,12.1,15,12.6,12,5.6,11,5.7,7.7,5.7,10.9,18.2,8.8,10.6,14.3,8.5,8.1,6.5,4,4.9,7.8,NA,33,8.8,7.7,4.3
2013-03,8.5,14.1,7.3,7.5,5,9.1,14.4,27.6,26.3,10.4,17.3,12.1,14.5,12,11.8,5.7,10.1,5.8,7.9,5.9,11,18.2,9,10.8,14.3,8.2,8.4,6.4,3.8,4.8,7.7,NA,27.9,9,7.5,4.1
2013-04,8.6,14.1,6.9,8.3,5,8.1,14.5,28,26.3,10.5,17.5,12.2,15.7,11.5,11.9,5.7,10.4,6,8,5.4,11,18.1,9.4,10.8,14.3,8.2,8.4,6.4,4,4.8,7.8,NA,22.8,9.1,7.6,4.1
2013-05,8.6,13.8,7.3,6.6,5,8,14.5,28,26.2,10.4,17.4,12.4,15.9,11.3,11.7,5.8,10.1,6.2,8.1,5.4,10.9,18,8.9,10.6,14.3,8.5,8,6.3,4,4.8,7.8,NA,22.5,9,7.5,4.1
2013-06,8.5,13.7,6.6,7.5,4.9,7.8,14.1,27.9,26.1,10.4,17.3,12.4,16,11.3,11.6,5.9,9.9,6.2,8.3,5.5,10.7,17.6,9.6,10.2,14.3,7.4,8.1,6.3,3.9,4.8,7.7,NA,23.8,8.9,7.5,3.9
2013-07,8.5,13.7,6.7,7.5,4.9,7.6,13.6,28.3,26.2,10.3,17.3,12.2,16.1,11.8,11.7,5.9,9.9,6.1,8.5,5.7,10.6,17.5,8.8,9.8,14.2,7.8,8,6.1,3.6,4.7,7.7,NA,24.8,9.1,7.3,3.8
2013-08,8.5,13.6,7.2,7.1,4.9,7.9,13.3,27.8,26.1,10.1,17.2,12.5,16.7,12.1,11.8,5.9,9.8,6.2,8.5,5.5,10.5,16.8,9,9.7,14.1,8.2,8.1,6.1,4.3,4.7,7.6,NA,25.9,9.2,7.2,4.1
2013-09,8.6,13.7,7,7.5,4.9,8,13.1,28.2,26,10.3,17.4,12.6,16.8,12.1,11.7,6,9.6,6.3,8.5,5.9,10.3,16.4,9,9.6,14.1,8.4,8.2,6,3.9,4.7,7.3,NA,26.1,9.3,7.2,3.9
2013-10,8.6,14.1,6.5,6.8,4.8,8.5,12.9,27.8,26,10.1,17.5,12.6,16.7,11.7,11.7,6,9.7,6.3,8.5,5.8,10.2,16.2,9,9.6,14,8.1,7.9,6,3.6,4.6,7.1,NA,26.9,9.1,7.2,4
2013-11,8.7,14.1,7.1,7.6,4.8,8.7,12.8,27.8,25.9,10.2,17.6,12.6,16.4,11.5,11.7,6,8.8,6.2,8.4,5.9,10.2,16,8.8,9.7,13.9,9,8.2,6,4,4.6,7.2,NA,28.1,9.2,6.9,3.9
2013-12,8.7,14.1,6.8,6.9,4.8,8.5,12.8,27.7,25.5,10.2,17.6,12.6,16.3,11.4,11.6,6,8.3,5.9,8.5,5.9,10.2,15.7,8.9,9.9,13.9,8.5,8.1,6,4.4,4.7,7.1,NA,28,9.1,6.7,3.7
2014-01,8.8,13.7,6.3,7.5,4.8,8.8,12.9,27.3,25.5,10.2,17.5,13,15.3,11.5,11.6,6,8,5.8,8.6,6.3,10.4,15.5,8.7,10.2,13.8,8.4,8.2,6,4,5,6.8,NA,27.9,9.2,6.6,3.7
2014-02,8.7,13.3,6.6,6.9,4.8,8.3,12.9,27.5,25.3,10.2,17.6,12.9,15.4,11.5,11.3,5.9,7.7,5.8,8.7,5.8,10.3,15.5,8.6,10.3,13.8,8.8,8.1,6,3.2,5.1,6.7,NA,28.5,9.5,6.7,3.6
2014-03,8.7,13,6.8,6.7,4.8,8.1,12.7,27,25.1,10.2,17.7,12.8,16.7,11.3,11,6,7.6,5.8,8.7,6.2,10.1,15.3,8.7,10.1,13.7,8.8,8.2,5.9,3.8,5,6.6,NA,28.7,9.5,6.7,3.7
2014-04,8.6,12.5,6.2,6.7,4.8,7.6,12.4,27.3,24.8,10.1,17.5,12.8,16.2,10.9,11,5.9,7.5,5.8,8.6,5.5,9.8,15.2,8.7,9.6,13.5,8.3,8.2,5.8,3.6,5,6.4,NA,28.3,9.7,6.2,3.6
2014-05,8.6,12.2,6.2,6.8,4.7,7,12.2,27.2,24.6,10.1,17.4,12.7,15.9,10.6,11.2,6,8,5.9,8.5,5.9,9.5,15,8.3,9.5,13.4,8.7,7.8,5.7,3.4,4.9,6.3,NA,28,9.7,6.3,3.6
2014-06,8.5,12.1,6.1,7,4.7,6.9,12,26.4,24.4,10.2,17.2,12.2,16.1,10.4,11,6,8.2,5.8,8.3,6.2,9.2,14.9,8.7,9.3,13.2,8.9,8.3,5.6,3.5,4.9,6.1,NA,27.3,9.7,6.1,3.7
2014-07,8.6,12.3,5.7,6.5,4.7,7.1,11.9,26.5,24.3,10.2,17,12.9,16.4,10.7,10.4,6,7.5,5.9,8.2,6.2,8.8,14.7,8.6,9.4,13.1,8,7.9,5.5,4.1,4.9,6,NA,26.4,9.9,6.2,3.7
2014-08,8.6,12.3,6.3,7.1,4.7,7.5,11.7,26.5,24.1,10.2,16.9,12.5,16.3,10.9,10.3,6,7.3,5.9,8.1,5.9,8.6,14,8.7,9.5,12.9,8.5,8.1,5.5,3.6,4.9,5.9,NA,26.5,10.2,6.1,3.5
2014-09,8.7,12.4,5.7,7.2,4.7,7.2,11.4,26,24,10.4,16.8,12.9,16.2,10.9,10,6.1,6.9,5.7,8,6.1,8.5,13.8,8.6,9.6,12.6,9.2,7.9,5.4,4.1,4.8,5.9,NA,28.5,10.1,5.9,3.5
2014-10,8.7,12.1,5.5,6.8,4.7,6.6,11,26.1,23.9,10.4,16.8,13,16.1,10.7,10.3,6.1,7.1,5.6,8.1,6,8.4,14,8.5,9.7,12.5,9.1,8.1,5.3,4,4.6,5.8,NA,28.9,10.4,5.7,3.6
2014-11,8.7,11.7,6.3,6.7,4.6,6.3,10.8,25.7,23.8,10.5,16.7,13.3,16.6,10.5,10.5,6.2,7.3,5.5,8.1,6.2,8.4,13.9,8.8,9.7,12.4,9,8.1,5.2,4,4.5,5.6,NA,28.9,10.5,5.8,3.4
2014-12,8.7,11.3,5.8,7.1,4.6,6.5,10.8,25.9,23.6,10.5,16.8,12.4,16.6,10.1,10.2,6.2,7.2,5.4,8.2,6.1,8.4,14,8.2,9.7,12.3,9.4,7.6,5.1,3.9,4.4,5.6,NA,28.4,10.3,5.6,3.4
2015-01,8.8,11,5.8,6,4.5,6.8,10.7,25.6,23.4,10.4,16.9,12.4,16.6,9.8,9.6,6.3,7.2,5.6,8.3,5.9,8.4,14,8.8,9.4,12.4,8.7,7.9,5.1,4.3,4.4,5.5,NA,27.7,10.5,5.7,3.6
2015-02,8.8,10.9,5.9,6.5,4.5,6.6,10.7,25.8,23.2,10.3,16.9,12.4,16.6,9.8,9.3,6.4,7.2,5.6,8.1,5.9,8.3,13.9,8.6,9.2,12.2,9.7,8,5,4.7,4.4,5.5,NA,27.2,10.7,5.5,3.5
2015-03,8.9,11,5.7,6.6,4.5,6.8,10.5,26.2,22.9,10.4,16.8,12.6,16.2,9.9,9,6.4,7.1,5.5,8.1,6.2,8.1,13.6,8.4,9.2,12,9.5,7.7,5,4.5,4.5,5.4,NA,27.4,10.5,5.4,3.4
2015-04,8.8,11,5.2,6.5,4.4,7,10.3,25.2,22.7,10.4,16.5,12.2,15.5,9.7,9.3,6.4,7,5.5,8.1,6.2,7.9,13.2,8.6,9.4,11.7,9.5,7.9,4.9,4.5,4.7,5.6,NA,27.2,10.5,5.4,3.4
2015-05,8.7,10.8,5,6.1,4.4,6.7,10,25,22.5,10.5,16.4,12.4,15.1,9.7,9.2,6.6,6.7,5.5,8,6.4,7.7,12.8,8.3,9.4,11.5,9.3,7.7,4.8,4.4,4.7,5.6,NA,26.9,10.2,5.6,3.3
2015-06,8.5,10.5,4.9,6.4,4.4,6.2,9.9,24.9,22.3,10.4,16.1,12.4,15.1,9.8,9.3,6.5,6.6,5.4,7.9,6.2,7.6,12.7,8.3,9.3,11.5,9.9,7.6,4.7,4.8,4.8,5.5,NA,26.7,10.2,5.3,3.4
2015-07,8.2,10.1,5,6.6,4.3,5.5,9.6,24.9,21.9,10.3,15.9,11.7,15.4,9.9,9.2,6.5,6.4,5.2,7.7,6,7.5,12.6,8.2,9,11.4,9.5,7.2,4.6,5.2,4.9,5.4,NA,26.2,10.1,5.2,3.3
2015-08,8.2,9.8,4.8,6.1,4.3,5.5,9.5,24.5,21.6,10.3,15.8,11.6,14.9,10,9.2,6.5,6.1,5.1,7.7,5.9,7.5,12.6,8.5,8.8,11.3,9.5,7,4.5,4.2,5,5.3,NA,25.9,10.1,5.1,3.4
2015-09,8.4,9.4,4.7,6,4.3,5.9,9.5,24.7,21.4,10.3,15.7,11.6,14.2,10,9.1,6.5,6.1,5.2,7.8,6.2,7.4,12.7,8.4,8.6,11.2,9.3,7.5,4.3,4.8,5,5.2,NA,25.7,10.2,5,3.4
2015-10,8.8,9.1,4.7,6.2,4.2,6.2,9.6,24.7,21.2,10.3,15.6,11.8,13.5,10,9.1,6.5,6,5.4,7.9,6,7.3,12.7,8.1,8.5,11,9.5,7.3,4.2,5,5.1,5,NA,25.2,10.2,5,3.2
2015-11,8.9,9,4.6,5.9,4.2,6.6,9.6,24.3,20.9,10.3,15.4,11.5,13.1,10.1,8.8,6.5,6.1,5.3,7.7,6.6,7.2,12.5,8.1,8.5,10.8,9.2,7,4,4.5,5.1,5,NA,24.9,10.2,5.1,3.3
2015-12,8.8,9,4.5,6.3,4.2,6.6,9.1,24.1,20.8,10.2,15,11.7,12.9,10,8.6,6.5,5.9,5.3,7.6,6.3,7,12.4,8.1,8.6,10.7,9.7,7.3,3.8,5.2,5.1,5,NA,24.7,10.4,5,3.3
2016-01,8.4,9,4.4,5.7,4.1,6.7,9.1,24.7,20.5,10.3,14.7,11.6,12.8,10,8.1,6.4,5.8,5.4,7.4,6.7,6.8,12.3,7.8,8.5,10.5,9.1,7.1,3.7,4.9,5,5,NA,24.6,10.2,4.8,3.2
2016-02,8.2,9.1,4.2,6.1,4.1,6.6,8.9,24.1,20.4,10.4,14.3,11.7,13,9.9,8,6.4,5.6,5.4,7.5,6.3,6.7,12.5,7.6,8.3,10.3,9.1,7.2,3.7,5.6,5,5,NA,24.5,10.1,4.9,3.3
2016-03,8.1,9.1,4,6.1,4,6.9,8.8,24.3,20.3,10.2,14,11.6,12.9,9.7,8.1,6.4,5.5,5.2,7.4,6.3,6.5,12.3,7.6,8.3,10.2,9.4,7.4,3.7,4.8,5,4.9,NA,24.3,10.2,5,3.2
2016-04,8.2,9,4,6,4,6.6,8.9,23.7,20.3,10.1,13.6,11.9,12.8,9.5,7.9,6.3,5.3,5.2,7.4,6.3,6.4,12,7.3,8.1,10,8.9,6.9,3.7,5,4.9,4.9,NA,24.8,10.1,5.1,3.2
2016-05,8.2,8.9,3.9,6.3,4,6.5,8.8,23.8,20.2,10,13.3,11.5,12.7,9.5,8.3,6.3,4.9,4.9,7.2,6.8,6.4,11.6,7.3,8,9.8,8.6,7.3,3.6,5.1,4.9,4.9,NA,23.7,10.3,4.8,3.2
2016-06,8.1,8.8,4.2,5.9,4,6.9,8.7,23.9,19.9,10,13.2,11.7,12.9,9.6,8.1,6.3,4.7,4.8,7.1,6.7,6.4,11.4,7.1,7.8,9.7,9.3,6.8,3.6,4.7,4.9,4.9,NA,23.4,10.7,4.9,3.1
2016-07,7.9,8.6,4.2,6.5,3.9,7,8.5,23.6,19.5,9.8,13.1,11.6,13,9.7,8.1,6.2,4.7,4.6,7,6.6,6.3,11.2,7.2,7.5,9.6,9,6.9,3.5,4.9,4.9,4.9,NA,23.5,11.1,4.8,3
2016-08,7.7,8.4,3.6,5.8,3.9,7.6,8.3,23.9,19.3,9.9,12.8,11.6,13.2,9.8,7.9,6.3,4.6,4.4,6.8,6.8,6.2,11.2,7,7.4,9.5,8.4,7.2,3.5,5.1,5,4.7,NA,23.3,11.1,4.9,3.1
2016-09,7.5,8.3,4,5.7,3.8,7.1,7.9,23.7,19.1,9.9,12.7,11.9,13.3,9.8,7.7,6.4,4.5,4.2,6.7,6.5,6.1,11.2,7.2,7.6,9.3,8.4,6.8,3.5,4.7,5,4.7,NA,23.2,11.6,5,3
2016-10,7.3,8.1,3.8,6.3,3.7,7.2,7.7,23.3,18.8,10.1,12.6,11.7,13.3,9.6,7.6,6.3,4.4,4.4,6.6,6.4,5.9,10.9,6.7,8.1,9.1,8.9,7,3.5,4.9,4.8,4.7,NA,23.2,11.5,4.9,3
2016-11,7.2,7.8,3.6,5.8,3.7,6.7,7.5,23.8,18.8,10.1,12.5,12,13.2,9.4,7.6,6.3,4.3,4.2,6.6,6.2,5.7,10.7,6.6,8.2,9,9.3,7,3.4,4.8,4.8,4.7,NA,23.1,11.6,4.7,3
2016-12,7.3,7.7,3.6,5.6,3.7,6.4,7.5,24,18.5,10,12.5,11.8,13,9.3,7.6,6.3,4.2,4.2,6.4,6,5.5,10.3,6.7,8.2,8.8,8.5,7.1,3.4,4.2,4.8,4.6,NA,23.1,12.1,4.7,3
2017-01,7.6,7.5,3.5,6.1,3.7,6.1,7.4,23.2,18.4,9.7,12.3,11.7,12.6,9.2,7.8,6,4.2,4.1,6.4,6.3,5.3,10.2,6.3,7.8,8.7,8.9,7,3.3,4.1,4.9,4.6,NA,22.9,12,4.7,3
2017-02,7.7,7.4,3.3,6.3,3.6,5.6,7.3,23.2,18.2,9.6,12.1,11.5,12.5,9,7.8,5.9,4.2,4.1,6.3,6.1,5.1,10.1,6.5,7.4,8.6,9,7,3.3,4.5,5,4.5,NA,22.9,11.9,4.6,2.9
2017-03,7.6,7.3,3.2,5.9,3.6,5.8,7.1,22.7,18,9.6,11.8,11.6,12.2,8.8,7.6,5.8,4.4,4,6.2,6.1,5.1,10,6.5,7,8.5,9,6.5,3.2,4.8,4.9,4.5,NA,22.8,11.9,4.4,2.8
2017-04,7.4,7.2,3.4,5.9,3.6,6.1,6.8,21.8,17.6,9.5,11.5,11.2,11.8,8.8,7.5,5.6,4.4,3.9,6.1,6,5.2,9.8,6,6.7,8.4,9.3,6.9,3.2,4.6,4.7,4.4,NA,22.7,11.6,4.4,2.8
2017-05,7.2,7.1,2.9,5.9,3.6,6.6,6.6,22.2,17.4,9.5,11.1,11.5,11.4,8.9,7.2,5.5,4.2,4,6.1,6.1,5.2,9.5,6.2,6.6,8.3,8.8,6.9,3.2,4.7,4.6,4.4,NA,22.5,11.1,4.4,3
2017-06,7.2,7.2,2.8,5.8,3.5,6.3,6.6,21.7,17.1,9.5,10.9,11.1,10.9,8.9,6.9,5.5,4.1,3.9,6,5.6,5.1,9.4,6,6.5,8,8.9,6.7,3.3,4.5,4.7,4.3,NA,22.2,11,4.3,2.8
2017-07,7.2,7.3,2.8,5.8,3.5,5.8,6.7,21.1,16.9,9.6,10.7,11.4,10.4,8.8,6.8,5.6,4,4,5.9,5.9,4.9,9.2,6.1,6.5,7.9,8.4,7,3.3,4.1,4.8,4.3,NA,22.1,10.6,4.3,2.8
2017-08,7.1,7.3,2.7,6,3.5,5.2,6.7,21.1,16.7,9.5,10.6,11.3,10.2,8.7,6.7,5.5,3.9,4,5.7,6,4.9,9.1,6,6.4,7.8,8.4,6.5,3.3,4.2,4.9,4.2,NA,21.8,10.5,4.4,2.8
2017-09,6.9,7.1,2.7,6,3.4,5.4,6.7,21.2,16.7,9.3,10.4,11.2,10.1,8.6,6.6,5.5,3.9,4.1,5.7,5.8,4.8,8.7,5.9,6.2,7.8,9,6.9,3.3,4.2,4.8,4.2,NA,22.1,10.3,4.3,2.8
2017-10,6.7,6.9,2.6,5.4,3.4,5.3,6.6,21.2,16.7,9.1,10.1,11.1,10.1,8.4,6.8,5.4,3.8,3.9,5.5,5.6,4.7,8.6,5.9,6,7.8,8.2,7,3.3,4,4.7,4.2,NA,22.2,10.3,4.2,2.7
2017-11,6.4,6.8,2.5,5.5,3.4,5.6,6.4,21.3,16.7,9,9.9,11,10.4,8.3,6.8,5.4,3.7,3.9,5.4,6.1,4.6,8.2,5.9,5.9,7.7,7.9,6.5,3.3,4.1,4.7,4.3,NA,22.1,10.1,4.2,2.7
2017-12,6.2,6.6,2.3,5.3,3.4,6.1,6.3,21.3,16.6,9,9.6,10.9,10.7,8.1,6.8,5.6,3.6,4.1,5.4,5.8,4.4,8,5.8,5.8,7.5,9,6.7,3.3,4.5,4.8,4.2,NA,22,9.9,4.1,2.7
2018-01,6.1,6.4,2.5,5.4,3.3,6.7,6.1,20.8,16.4,9.2,9.4,11,10.3,7.9,6.9,5.5,3.6,4.2,5.2,5.6,4.2,7.9,5.7,5.7,7.3,8.5,6.8,3.3,4,4.9,4.2,NA,21.8,9.8,4,2.4
2018-02,6.1,6.3,2.4,4.6,3.3,6.7,5.9,21.1,16.2,9.3,9.2,10.8,9.7,7.8,6.8,5.6,3.7,4.4,5.1,5.4,4,7.7,5.6,5.6,7.1,8.4,5.9,3.3,4,4.9,4.2,NA,21.6,10,4.1,2.5
2018-03,6.2,6.3,2.1,5.6,3.3,6,5.8,20.7,15.9,9.3,8.9,10.9,9,7.8,6.6,5.6,3.6,4.5,5,5.3,3.9,7.6,5.5,5.5,6.9,8.3,6.2,3.3,4.2,4.9,4.2,NA,21.6,10,4,2.5
2018-04,6.4,6.3,2.3,5.1,3.2,5.2,5.9,20.2,15.7,9.2,8.6,11,8.2,7.8,6.2,5.5,3.4,4.3,4.9,5.1,3.8,7.3,5.4,5.4,6.8,7.7,6.5,3.2,4.2,5,4,NA,21.5,10.2,4,2.5
2018-05,6.4,6.3,2.2,5,3.2,5.1,5.9,19.6,15.5,9.1,8.4,10.6,8,7.7,5.9,5.5,3.3,4,4.9,4.9,3.8,7.3,5.2,5.4,6.7,7.4,6,3.2,3.6,4.9,3.9,NA,21.2,10.6,3.8,2.2
2018-06,6.2,6.3,2.3,5.3,3.2,5.1,5.8,19.5,15.2,9,8.4,10.7,7.9,7.6,6.1,5.6,3.3,3.8,4.9,5,3.8,7.1,5.2,5.2,6.6,7,6.6,3.2,4.2,4.7,4,NA,20.7,10.7,4,2.4
2018-07,5.9,6.4,2.3,5,3.2,5.3,5.7,19.4,15,9,8.2,10.3,8.1,7.3,5.9,5.6,3.6,3.7,4.9,5.3,3.9,7.1,5.1,5.1,6.4,7.2,6.5,3.2,4.1,4.3,4,NA,20.3,10.8,3.8,2.5
2018-08,5.7,6.4,2.4,5,3.2,5.3,5.7,19.3,14.8,8.9,8,10.1,8.1,7.1,6,5.7,3.5,3.5,4.9,5.4,3.9,7.2,5.1,5,6.2,7.4,6.5,3.2,3.9,4.2,4,NA,19.9,11.2,3.8,2.5
2018-09,5.6,6.2,2.3,4.7,3.1,5.5,5.7,19.3,14.7,8.9,7.8,10.3,8.1,7,6,5.6,3.6,3.5,4.8,5.4,3.9,6.8,4.8,4.8,6.2,7,6.6,3.1,4.4,4.3,4,NA,19.3,11.5,3.7,2.3
2018-10,5.7,6,2.1,5,3.1,5.1,5.9,19.2,14.7,8.8,7.6,10.7,7.8,7,6.1,5.5,3.4,3.7,4.7,5.2,3.9,6.7,5.3,4.6,6.1,7.2,6.5,3.1,4,4.7,4,NA,18.6,11.6,3.8,2.4
2018-11,5.8,5.7,1.9,5.1,3.1,4.5,5.8,19,14.6,8.8,7.4,10.5,7.9,7,5.9,5.4,3.4,3.9,4.6,4.9,3.9,6.7,5.1,4.5,6.1,7.1,6.6,3.2,3.9,4.9,3.9,NA,18.2,12.2,3.8,2.5
2018-12,5.7,5.6,2.3,5.7,3.1,4.3,5.6,19,14.4,8.8,7.3,10.3,7.8,6.9,5.9,5.3,3.4,4,4.6,5.2,3.8,6.7,5,4.4,5.9,5.9,6.8,3.2,3.7,4.8,3.8,NA,18.4,12.7,3.9,2.5
2019-01,5.6,5.7,2.1,5.1,3,4.3,5.1,19.5,14.3,8.8,7.2,10.4,7.9,6.8,6.1,5.3,3.3,4.2,4.6,5,3.7,6.6,5.1,4.6,5.9,6.7,6.3,3.3,4,4.7,3.8,NA,19.5,13.6,4,2.5
2019-02,5.5,5.6,1.7,5.1,3,4.6,4.9,19.2,14.2,8.7,7.1,10.5,7.9,6.6,6.2,5.5,3.4,4.4,4.4,5.1,3.6,6.6,5,4.6,5.8,7,6.9,3.4,4.3,4.7,3.7,NA,19.1,13.8,3.8,2.4
2019-03,5.5,5.4,2.1,5.2,3,4.7,5,18.5,14.2,8.7,6.9,10.3,8,6.5,6.2,5.7,3.4,4.3,4.4,5.1,3.5,6.6,4.8,4.5,5.7,6.5,7.4,3.5,3.6,4.6,3.7,NA,19,13.9,3.8,2.5
2019-04,5.6,5.1,2,5.4,2.9,5,5.1,18.5,14.2,8.5,6.6,10.3,7.5,6.4,6.1,5.6,3.3,4.1,4.3,5.1,3.4,6.7,4.9,4.3,5.6,7.2,6.6,3.6,3.2,4.5,3.7,NA,18.2,13.8,3.7,2.4
2019-05,5.5,4.9,2.1,4.8,2.9,5.1,5.2,17.5,14.3,8.5,6.5,10,7.1,6.4,6,5.6,3.3,3.9,4.3,4.9,3.3,6.7,4.8,4.3,5.7,6.9,6.6,3.8,3.5,4.4,3.8,NA,17.5,13.7,3.6,2.3
2019-06,5.5,5,1.8,4.5,2.9,4.7,5.2,17.4,14.2,8.5,6.5,9.6,7.2,6.4,6,5.7,3.2,3.9,4.4,4.6,3.2,6.7,4.7,4.4,5.7,6.2,6.4,3.9,3.8,4.4,3.8,NA,17.6,13.7,3.6,2.3
2019-07,5.3,5,2.1,4.6,2.9,4.2,5.1,17.9,14.2,8.4,6.5,9.6,7.3,6.3,6.2,5.7,3.3,4,4.4,4.8,3.2,6.6,5,4.7,5.7,6.5,7.3,4,3.9,4.4,3.8,NA,17.5,13.9,3.7,2.3
2019-08,5.1,5,2,4.9,2.9,4,5,17.4,14.1,8.3,6.5,9.4,7,6.2,6.3,5.8,3.3,4.1,4.5,5,3.1,6.5,4.7,4.8,5.7,7,7.3,4.1,4.2,4.4,3.8,NA,17.2,14.1,3.6,2.3
2019-09,5.1,5,2.1,5.1,2.9,4.3,4.9,17.4,14,8.2,6.4,9.7,6.7,6,6.4,5.5,3.3,4.1,4.5,4.5,3.1,6.6,5.1,4.6,5.8,6.7,6.8,4.2,3.6,4.3,3.7,NA,16.9,14.1,3.5,2.4
2019-10,5.2,5.1,2.2,5,2.9,4.1,4.8,17.3,14,8.2,6.3,9.5,6.3,5.8,6.4,5.6,3.2,4.1,4.5,4.8,3,6.5,4.8,4.3,5.7,6.9,6.9,4.3,4.3,4.1,3.7,NA,15.2,13.5,3.6,2.4
2019-11,5.2,5.2,2.2,5.2,3,4.2,4.8,17,13.9,8.2,6.2,9.8,6.5,5.9,6.5,5.6,3.1,4.1,4.5,4.3,3,6.7,4.9,4.1,5.7,6.9,7.7,4.4,4,4,3.7,NA,16.4,13.3,3.6,2.3
2019-12,5.2,5.2,1.9,5.1,3.1,4.5,4.8,16.9,13.8,8.2,6.2,9.8,6.4,6.5,6.9,5.7,3,4,4.3,4.5,2.9,6.8,5,4,5.7,6.5,6.8,4.5,4.1,4.1,3.7,NA,15.9,13.4,3.6,2.2
2020-01,5.1,5.1,2,4.7,3.2,4.9,5,16.6,13.8,8.2,6.1,9.6,6.8,7,7,5.7,3.2,4,4.1,4.5,2.9,6.8,4.8,4.2,5.9,6.9,7.4,4.7,4.1,4.2,3.9,NA,15.7,13,3.6,2.4
2020-02,5,5,1.8,5.3,3.3,5,4.8,15.9,13.6,7.8,6,9.5,6.6,7.2,7.4,5.8,3.2,3.8,4,4.6,2.8,6.5,5.3,4.3,6,6.7,7.8,4.9,3.6,4.2,3.9,NA,15.5,12.6,3.5,2.4
2020-03,5,5.2,1.8,4.8,3.4,5.4,4.9,16.9,14.5,7.6,6.5,7.7,6.8,7.6,7.8,6.6,3.3,4.1,4.1,4.9,2.9,5.8,5.5,4.5,6,6.8,6.8,5.2,3.5,4.4,3.9,NA,15.3,13,4.4,2.5
2020-04,4.9,6.7,2.2,4.2,3.5,6.3,4.7,18.4,15.3,7.6,7.5,7.4,7.4,8.4,8,7.4,4.2,4.6,4.5,6.1,3.1,5.7,6.1,5.3,6.5,7.2,8.2,5.4,4.1,4.6,3.9,NA,15.7,13.5,14.8,2.6
2020-05,5,6.7,2.5,5.3,3.7,7.2,5,19.7,15.5,6.9,7.9,8.7,7.4,8.7,8.6,7.6,4.7,4.7,4.6,7.2,3.3,6.1,6.4,5.4,6.6,8.6,8.5,5.6,4.9,4.8,3.8,NA,16,13.6,13.2,2.8
2020-06,5.4,6.4,2.6,6.8,3.8,8,5.7,20.3,16,7.3,8,9.6,7.3,8.8,8.9,7.6,4.9,5.1,5.4,7.7,3.4,7.5,6.7,5.3,6.7,7.6,9.1,5.7,5,5,4,NA,16.9,13.7,11,2.8
2020-07,6,6.1,2.9,6.4,3.8,7.6,6.8,17.7,16.2,8.6,8.1,10.3,7.7,8.7,9.2,7.1,4.5,5.4,5.5,6.7,3.4,8.2,6.5,5.1,7,8.1,9.6,5.8,5.9,5.1,4.4,NA,17.5,14.1,10.2,2.9
2020-08,6.4,6.1,2.8,6.3,3.9,7.7,7.2,17,16.5,9,8.1,10.1,8.3,8.6,9.2,6.7,4.4,5.6,5.5,6.4,3.3,8.4,6.4,5.1,7.1,8.8,9.3,6,5.2,5.1,4.7,NA,17.2,12.9,8.4,3
2020-09,6.3,6.3,2.8,6,3.8,7.9,7.3,17,16.4,9,8.2,10,8.5,8.3,9,6.5,4.3,5.5,5.4,6.2,3.3,8.2,6.2,5,7,8.1,9,6.1,5.2,5.1,4.9,NA,17.3,12.6,7.8,3
2020-10,5.8,6.4,3.1,5.9,3.8,7.9,6.4,17.8,16.3,8.3,8.3,10,8.9,8.1,9.6,6.3,4.3,5.4,5.3,6,3.2,7.8,6.1,5,7,8.2,8.8,6.3,5.5,5.1,NA,NA,17.4,13.1,6.9,3.1
2020-11,5.8,6.3,3.1,5.9,3.8,7.6,6.2,17.5,16.2,8.1,8.3,9.5,7.7,8,9.2,6.3,4.3,5.1,5,6.1,3.2,7.2,6.2,5.3,7,7.9,8.6,6.5,5.2,5.1,NA,NA,17,13,6.7,3
2020-12,6,6.2,3.1,5.9,3.8,7.1,6.2,16.7,16.2,7.9,8.4,9.7,7.8,7.8,8.4,6.4,4.3,4.9,4.9,6.8,3.3,6.9,6.2,5.4,7,8.2,9.2,6.6,4.8,5.2,NA,NA,16.7,12.6,6.7,3.1
2021-01,6.5,6,3.2,6.2,3.9,7.4,7,16,15.9,8.1,8.4,10.2,7.7,7.7,7.9,6.4,4.3,4.5,4.7,7.4,3.6,6.9,6,5.5,7.1,8.4,9,6.6,5.1,5.4,NA,18,17,12.3,6.4,3
2021-02,6.8,5.9,3.2,6,3.9,7,7.4,16,15.7,8.2,8.4,10.1,7.9,7.7,7.4,6.3,4.2,4.3,4.7,7.1,3.8,6.8,6.1,5.4,7.1,8.1,9.1,6.5,5.4,5.5,NA,17.9,16.7,13.2,6.2,2.9
2021-03,6.7,5.7,3.3,6.4,3.9,6.7,7.7,16.6,15.5,8.2,8.3,10.2,7.9,7.7,7.6,6.1,4.2,4,4.6,6.9,3.8,6.7,5.9,5.2,7.1,7.7,9.6,6.4,4.3,5.5,NA,17.7,15.3,12.9,6.1,2.7
2021-04,6.5,5.5,3.3,5,3.8,6.5,7.5,17.2,15.7,8.2,8.1,10.3,7.7,7.9,7.9,5.9,4.2,3.6,4.5,7.2,3.7,7.2,5.4,4.8,7,8.5,9.1,6.2,5.1,5.3,NA,17.6,15.6,13.3,6.1,2.9
2021-05,6.3,5.4,3.1,5.1,3.7,6.9,7,15.9,15.7,8,8,9.9,8.2,8,7.7,5.6,4.1,3.6,4.4,6.7,3.6,7.3,5.3,4.6,6.9,8.3,9.1,5.9,5.5,5.2,NA,17.5,15.5,13.4,5.8,2.9
2021-06,6.2,5.2,2.7,4.8,3.6,6.7,6.4,15.1,15.6,7.9,7.6,9.4,8,7.9,7.4,5.3,4,3.7,4.2,6.3,3.5,7.1,5.1,4.4,6.9,7.6,9.4,5.5,4.5,5.1,NA,17.3,15.3,11,5.9,2.9
2021-07,6.3,5,2.6,4.2,3.5,6.3,5.8,14.1,15.2,7.9,7.3,9.1,6.9,7.7,6.9,5.2,4,3.8,4.1,5.9,3.3,6.8,5.4,4.3,6.8,7.6,8.7,5.2,5,5,NA,17.3,15.5,11.6,5.4,2.8
2021-08,6.4,4.9,2.8,5.1,3.4,5.8,5.4,14.1,14.8,7.8,7.1,9.1,6.7,7.3,6.7,5.1,4,3.8,4.2,5.8,3.1,6.6,5.4,4.4,6.7,7,8.9,4.9,3.9,4.9,NA,17.1,15.5,12,5.1,2.8
2021-09,6.2,4.8,2.6,4.8,3.4,5.5,5.2,13.3,14.3,7.7,6.9,9.1,6.3,7.1,6.7,4.9,3.9,3.7,4.1,5,3,6.6,5.4,4.5,6.6,7.5,8.9,4.7,3.7,4.7,NA,16.9,15.3,11.3,4.7,2.7
2021-10,6,4.6,2.5,4.8,3.4,5,5.3,13.2,13.9,7.5,6.7,9.1,6.4,7.1,6.5,4.7,3.9,3.4,3.9,5.6,3,6.4,5.8,4.7,6.6,6.6,8.4,4.5,3.6,4.5,NA,16.7,15.2,11,4.5,2.7
2021-11,5.8,4.6,2.2,4.1,3.4,5.2,5.3,13.2,13.5,7.5,6.6,9,6.3,7.3,6.6,4.7,3.8,3.2,3.7,5.1,3,6.3,5.6,4.7,6.5,6.8,8.4,4.3,4,4.4,NA,16.5,15.2,11.2,4.1,2.8
2021-12,5.6,4.5,2.2,4.5,3.4,5.5,5.1,12.9,13.3,7.4,6.5,8.8,6.1,7.3,6.4,4.7,3.9,3.4,3.8,4.9,3,6,5.8,4.5,6.5,7.2,8,4.1,3.3,4.4,NA,16.3,15,11,3.9,2.7
2022-01,5.3,4.4,2.3,4.9,3.3,5.9,5,13.1,13.3,7.3,6.5,8.6,5.8,7.1,6.3,4.5,3.6,3.5,3.6,4.7,2.9,5.9,6,4.1,6.4,7,8,4,3.2,4.3,NA,16.2,14.6,11.3,4,2.8
2022-02,5.2,4.4,2.5,4.3,3.2,5.5,4.7,13.1,13.2,7.3,6.6,8.4,5.8,6.9,6.1,4.5,3.6,3.7,3.4,4.8,2.9,5.7,5.9,4,6.4,6.6,7.3,3.9,3.6,4.3,NA,16.1,14.6,10.6,3.9,2.7
2022-03,5.4,4.4,2.3,4,3.2,5.5,4.9,12.6,13.3,7.4,6.6,8.3,5.9,6.8,5.7,4.5,3.5,3.6,3.3,4.4,2.8,5.9,5.7,4.2,6.3,6.6,7.7,3.8,3,4.2,NA,15.9,14.6,11.2,3.7,2.6
2022-04,5.8,4.4,2.4,4,3.1,5.5,4.5,12.5,13.2,7.5,6.7,8.1,6.4,6.7,5.5,4.4,3.5,3.7,3.2,4.5,2.8,6.1,5.5,4.5,6.3,6.2,7.8,3.7,2.6,4.3,NA,15.7,14.5,10.8,3.7,2.6
2022-05,5.9,4.4,2.5,4.1,3.1,5.8,4.2,12.9,12.9,7.5,6.7,8.1,6.4,6.6,5.5,4.4,3.5,3.8,3.3,4.5,2.8,6.3,5.5,4.5,6.3,6.2,7.8,3.6,3.8,4.2,NA,15.5,14.5,10.8,3.6,2.6
2022-06,5.8,4.3,2.4,4.3,3.1,6,4.2,12.5,12.9,7.4,6.7,8.2,6.5,6.6,5.7,4.4,3.5,3.7,3.4,4.4,2.8,6.2,5.4,4.4,6.2,6.8,7.5,3.6,3.1,4.1,NA,15.3,14.3,10.2,3.6,2.6
2022-07,5.5,4.1,2.3,4.6,3.1,5.9,4.2,12.8,12.7,7.3,6.8,7.9,6.4,6.9,6,4.5,3.6,3.5,3.6,4.5,2.9,6.2,5.5,4.1,6.1,7.1,7.3,3.6,2.9,3.9,NA,15.1,14.3,10.2,3.5,2.5
2022-08,5.4,4,2.4,4.6,3.1,5.7,4.3,12.3,12.8,7.2,6.9,8.2,6.3,7,6.2,4.7,3.7,3.3,3.8,5,2.9,6.2,5.4,3.9,6,7.3,6.9,3.5,3.4,3.8,NA,14.9,14.2,9.8,3.6,2.5
2022-09,5.4,3.9,2.2,4.5,3.2,5.3,4.2,12.1,12.9,7.1,6.8,8,6.3,7.1,6.1,4.7,3.8,3.3,3.8,5.2,3,6.2,5.5,3.7,6,7.2,7,3.4,3.4,3.8,NA,14.7,13.9,10.1,3.5,2.6
2022-10,5.6,3.8,2.2,4.5,3.1,5.3,4.4,11.8,13,7.2,6.8,7.8,6.3,7,5.9,4.8,3.9,3.2,3.7,4.7,3,6.1,5.6,3.7,6.1,6.4,7.7,3.4,3.1,4.1,NA,14.5,14,10.3,3.6,2.6
2022-11,5.7,3.8,2.9,4.7,3.1,5.4,4.5,11.5,13.2,7.2,6.8,7.8,6.6,6.8,5.9,4.8,3.9,3.2,3.6,5.2,2.9,6.6,5.6,3.6,6.1,6.6,7.3,3.4,3.2,4.2,NA,14.1,13.9,10.1,3.6,2.5
2022-12,5.7,4,2.2,4.8,3.1,5.3,4.3,12.1,13.2,7.2,6.7,7.9,6.5,6.6,6.3,4.9,3.9,3.2,3.5,4.9,2.8,6.8,5.5,3.5,6.1,7.3,7.5,3.4,3.5,4.1,NA,14,13.8,10.4,3.5,2.5
2023-01,5.6,4,2.5,4.4,3,5.2,4.3,10.5,13.1,7.1,6.5,7.9,6.3,6.2,6.8,4.9,3.9,3.2,3.6,5.2,2.7,7,5.7,3.5,6.1,7.1,7.1,3.4,3.6,4,NA,13.9,13.6,9.8,3.5,2.5
2023-02,5.6,4,2.5,5.4,3,5.2,4.2,11.2,12.9,7.1,6.3,7.8,6.3,6,7.1,4.9,3.9,3.2,3.5,5.1,2.7,6.9,5.6,3.6,6,6.6,7.7,3.4,4,4,NA,13.8,13.4,10,3.6,2.6
2023-03,5.6,4.2,2.5,4.7,3,5.9,4.1,11.5,12.5,7.1,6.2,7.9,6,6,6.9,4.9,3.9,3.5,3.5,4.5,2.7,6.8,5.6,3.7,6,6.5,7.3,3.4,3.6,3.9,NA,13.7,13.2,10.2,3.5,2.7
2023-04,5.6,4.4,2.7,5,3,6.2,4.1,11.4,12.1,7.3,6.1,7.9,5.9,6.2,6.2,4.9,4,3.7,3.4,5.2,2.7,6.6,5.4,3.8,5.9,7.1,7.2,3.4,3.4,3.9,NA,13.5,13.2,10.1,3.4,2.6
2023-05,5.7,4.5,2.4,4.8,3,6.8,4.1,11.3,12,7.3,6.1,7.8,5.9,6.5,6.1,5,4,3.8,3.5,4.8,2.7,6.5,5.5,3.8,5.9,7.2,7.2,3.5,3.1,3.9,NA,13.3,13.3,9.5,3.6,2.5
2023-06,5.6,4.5,2.6,4.7,3,7.3,4.3,11.6,11.9,7.3,6.1,7.4,5.8,6.6,6.3,5.2,4,3.8,3.5,5,2.8,6.4,5.7,3.8,5.9,7.1,8.1,3.5,3.4,4,NA,13.3,13.3,9.3,3.6,2.5
2023-07,5.3,4.5,2.8,5.3,3.1,7.6,4.3,11.6,12,7.4,6.1,7.8,5.9,6.6,6.5,5.2,4,3.7,3.6,5.5,2.8,6.4,5.5,3.7,5.8,7.4,7.1,3.5,3.7,4,NA,13.2,13.2,9.4,3.5,2.6
2023-08,5.3,4.4,2.5,4.4,3.1,7.4,4.4,11.4,12,7.4,6,7.6,5.8,6.6,7.1,5.3,4.1,3.7,3.6,5.4,2.8,6.4,5.5,3.7,5.8,7.4,8.2,3.5,3.6,4.1,NA,13.2,13.1,9.2,3.7,2.6
2023-09,5.3,4.4,2.7,4.8,3.1,6.5,4.5,10.8,12,7.4,6,7.7,5.7,6.7,7.3,5.5,4.2,3.6,3.7,5.4,2.9,6.6,5.5,3.6,5.7,7.5,8.1,3.5,3.4,4.2,NA,13.3,13.1,9,3.7,2.6
2023-10,5.5,4.3,2.9,6.2,3.2,6.1,4.5,10.7,12,7.5,5.8,7.8,5.7,6.8,7.3,5.6,4.2,3.3,3.6,5,3,6.6,5.5,3.6,5.6,7.4,7.9,3.5,3.6,4.2,NA,13.3,12.7,8.5,3.9,2.6
2023-11,5.5,4.3,2.4,5.9,3.2,6.3,4.5,10.1,11.9,7.6,5.7,7.5,5.6,7,7.3,5.7,4.3,3.2,3.5,5,3.1,6.5,5.6,3.5,5.6,7.6,8,3.6,3.8,4.1,NA,13.3,12.6,8.9,3.7,2.6
2023-12,5.6,4.4,2.9,6,3.2,6.9,4.4,10.4,11.9,7.6,5.6,7.1,5.5,7,7.2,5.7,4.4,3.1,3.6,5.5,3,6.4,5.5,3.4,5.5,7.6,8.2,3.6,3.7,4.1,NA,13.4,12.8,8.9,3.8,2.5
2024-01,5.7,4.6,3,6,3.2,7.6,4.4,11.7,11.9,7.6,5.5,7.1,5.5,6.9,7.4,5.9,4.3,3.4,3.6,4.9,2.9,6.4,5.4,3.3,5.5,7.8,7.9,3.6,4.5,4.1,NA,13.1,12.8,9.2,3.7,2.5
2024-02,5.7,4.7,2.5,5.8,3.3,7.7,4.1,11.6,11.8,7.4,5.4,7.3,5.3,6.9,7.4,6,4.3,3.4,3.7,4.7,2.9,6.5,5.2,3.3,5.5,7.7,8,3.6,3.6,4.1,NA,13.1,12.8,8.7,3.9,2.6
2024-03,5.6,4.6,3,5.7,3.3,7.7,4.2,10.8,11.7,7.4,5.3,6.9,5.1,6.9,7.3,6,4.3,3.4,3.6,5,2.8,6.4,5.2,3.3,5.5,8.5,8.8,3.5,3.9,4.1,NA,13,12.8,8.8,3.9,2.6
2024-04,5.6,4.3,2.8,5.9,3.4,7.6,4.4,10.8,11.6,7.3,5.2,6.8,4.9,7,7.3,6.1,4.3,3.3,3.7,5,2.8,6.4,5.2,3.4,5.5,8.4,8.6,3.4,4.3,4.1,NA,12.7,12.6,8.6,3.9,2.6
2024-05,5.6,4.1,2.7,6.1,3.4,7.6,4.4,10.5,11.6,7.4,5.1,6.5,4.7,7,7.2,6.3,4.3,3.2,3.6,5.2,2.9,6.5,5.3,3.6,5.4,8.3,8.1,3.3,4,4.2,NA,12.6,12.6,8.5,3.9,2.6
2024-06,5.5,4,2.8,6.2,3.4,7.6,4.4,8.9,11.5,7.4,5.1,6.7,4.8,6.9,7.1,6.3,4.3,3.1,3.6,5.2,2.9,6.5,5.2,3.9,5.4,8.3,8.3,3.3,4,4.3,NA,12.6,12.5,9.1,4.1,2.5
2024-07,5.6,4,2.6,5.9,3.4,7.8,4.5,9.7,11.4,7.4,5.1,6.4,4.8,6.8,7.5,6.4,4.3,3,3.6,5.1,3,6.5,5.7,4.2,5.3,8.5,8.6,3.3,3.9,4.5,NA,12.6,12.2,9,4.2,2.6
2024-08,5.7,4,2.5,6.2,3.4,7.5,4.1,9.5,11.3,7.4,5,6.3,4.7,6.9,7.5,6.5,4.4,3.2,3.7,5.3,3,6.3,5.7,4.2,5.3,8.3,8.3,3.3,4,4.6,NA,12.7,12.2,8.5,4.2,2.5
2024-09,5.7,4,3,6.7,3.4,7.8,4.1,9.6,11.1,7.4,5,6.1,4.7,6.8,7.2,6.5,4.5,3.1,3.7,5.6,3,6.5,5.7,4.1,5.2,8.7,8.6,3.4,4,4.6,NA,12.6,12.2,8.5,4.1,2.4
2024-10,5.8,4,2.6,5.8,3.4,7.3,4.2,9.7,10.9,7.3,4.9,6.1,4.7,6.9,6.9,6.6,4.5,3,3.7,5.6,2.8,6.6,5.7,3.8,5.2,8.8,8.2,3.5,4.1,4.5,NA,12.6,12,8.7,4.1,2.5
2024-11,5.9,4,2.6,6.8,3.5,7.4,4.3,9.6,10.8,7.3,5,6.2,4.7,7,6.5,6.6,4.5,3,3.7,5.1,2.8,6.6,5.6,3.5,5.2,8.8,8.3,3.6,3.7,4.5,NA,12.6,12,8.4,4.2,2.5
2024-12,6,3.8,2.9,7.2,3.5,7.8,4.5,9.4,10.8,7.3,5,6.4,4.7,7,6.4,6.5,4.4,3.2,3.7,5.4,2.8,6.4,5.7,3.5,5.2,8.7,8.5,3.7,4.3,4.5,NA,12.5,11.8,8.6,4.1,2.5
2025-01,6.1,3.6,2.5,6.7,3.5,7.8,4.4,9.7,10.9,7.3,5,6.4,4.5,7.2,6.5,6.5,4.3,3.3,3.8,5.5,3,6.3,5.9,3.8,5.2,9,9.8,3.8,3.8,4.4,NA,12.5,11.6,8.6,4,2.5
2025-02,6.2,3.5,2.6,5.6,3.6,8.5,4.4,9.3,10.9,7.5,5,6.1,4.5,7.2,6.4,6.5,4.3,3.2,3.8,5.3,3.1,6.3,6,3.9,5.2,9.2,8.9,3.8,4.1,4.4,NA,12.5,11.6,8.3,4.2,2.4
2025-03,6.2,3.4,2.7,6.9,3.6,8.2,4.5,9.6,10.8,7.6,4.9,6.3,4.6,6.9,6.3,6.5,4.2,3.1,3.9,5.6,3.1,6.3,6,3.8,5.3,9.5,8.1,3.8,4.5,4.6,NA,12.5,11.5,8.1,4.2,2.5
2025-04,6.1,3.4,2.8,6.9,3.7,7.9,4.6,8.9,10.6,7.5,4.8,6.1,4.5,6.7,7,6.5,4.3,3,3.8,5.6,3.1,6.2,6,3.5,5.3,9.1,8.6,3.8,4.4,4.8,NA,12.4,11.4,8.7,4.2,2.5
2025-05,6,3.5,2.8,5.3,3.7,7.8,4.6,8.6,10.6,7.6,4.8,6.5,4.5,6.7,7.1,6.6,4.3,2.9,3.8,5.6,3,6.2,6.1,3.4,5.3,8.8,9.1,3.9,4.6,4.9,NA,12.3,11.4,8.4,4.3,2.5
2025-06,6,3.7,3,6.7,3.7,7.4,4.6,9.2,10.5,7.6,4.7,6.2,4.4,6.7,7.1,6.5,4.4,2.9,3.8,6,3.1,6.1,6,3.5,5.4,10,8.4,3.9,5.4,4.9,NA,12.3,11.9,8.5,4.1,2.5
2025-07,6,3.8,2.8,6.5,3.8,7.9,5,8.8,10.6,7.7,4.7,6,4.4,7,6.7,6.4,4.3,2.7,3.8,5.6,3.2,5.9,6,3.7,5.4,10,8.9,4,4.4,4.9,NA,12.3,12,8.1,4.3,2.3
2025-08,6.1,3.8,3.1,6.3,3.8,7.2,5,8.6,10.5,7.7,4.7,5.9,4.4,7.1,6.8,6.4,4.3,2.6,3.9,6,3.2,6,6.1,4,5.5,10.1,8.8,4.2,4.9,4.9,NA,12.3,11.8,8.5,4.3,2.6
2025-09,6.3,3.7,3,6.1,3.8,7.1,5.1,8.6,10.4,7.7,4.7,6,4.3,7.2,6.5,6.7,4.5,2.8,4,5.5,3.2,6,6.1,4.3,5.5,9.7,8.7,4.3,4.7,5,NA,12.3,11.7,8.5,4.4,2.6
2025-10,6.4,3.6,3.2,6.3,3.8,6.7,5,8.5,10.2,7.7,4.6,5.8,4.2,7.1,6.5,6.6,4.5,2.9,4,5.8,3.2,5.8,5.9,4.7,5.6,10.4,9.3,4.5,4.4,NA,NA,12.2,11.6,8.4,NA,2.6
2025-11,6.4,3.5,3.2,6.1,3.8,6.4,5,8.1,10.1,7.7,4.6,5.6,4.3,7.1,6.7,6.9,4.4,3.1,4,5.8,3.2,5.7,6,5.1,5.7,10.6,9,4.6,4.5,NA,NA,12.2,11.2,8.5,4.5,2.6
2025-12,6.4,3.3,3.1,5.6,3.8,6.3,5,7.5,10,7.7,4.5,5.6,4.3,7,6.6,6.9,4.5,3.2,4,5.8,3.2,5.6,6,5.1,5.8,10.3,8.8,NA,4.3,NA,NA,NA,11,7.7,4.4,2.6
2026-01,NA,NA,NA,NA,NA,NA,NA,NA,NA,NA,NA,NA,NA,NA,NA,NA,NA,NA,NA,NA,NA,NA,NA,NA,NA,NA,8,NA,NA,NA,NA,NA,NA,NA,NA,NA
